expense_date,amount,category,reference_number,vendor,branch_code,cost_center_code,tax_amount,total_amount,payment_method,notes,currency
2024-01-01,19931.9,Rent,EXP-RENT-202401-3SC-DTN,Mall Management,3SC-DTN,OVERHEAD,0.0,19931.9,bank_transfer,Monthly lease payment,SAR
2024-01-01,21266.97,Rent,EXP-RENT-202401-3SC-MAL,PropertyCo,3SC-MAL,OVERHEAD,0.0,21266.97,card,Monthly lease payment,SAR
2024-02-01,21255.33,Rent,EXP-RENT-202402-3SC-DTN,Downtown Properties,3SC-DTN,OVERHEAD,0.0,21255.33,bank_transfer,Monthly lease payment,SAR
2024-02-01,22232.39,Rent,EXP-RENT-202402-3SC-MAL,Mall Management,3SC-MAL,OVERHEAD,0.0,22232.39,bank_transfer,Monthly lease payment,SAR
2024-03-01,21683.46,Rent,EXP-RENT-202403-3SC-DTN,Downtown Properties,3SC-DTN,OVERHEAD,0.0,21683.46,card,Monthly lease payment,SAR
2024-03-01,21619.97,Rent,EXP-RENT-202403-3SC-MAL,PropertyCo,3SC-MAL,OVERHEAD,0.0,21619.97,bank_transfer,Monthly lease payment,SAR
2024-04-01,21891.27,Rent,EXP-RENT-202404-3SC-DTN,PropertyCo,3SC-DTN,OVERHEAD,0.0,21891.27,card,Monthly lease payment,SAR
2024-04-01,22496.58,Rent,EXP-RENT-202404-3SC-MAL,Mall Management,3SC-MAL,OVERHEAD,0.0,22496.58,card,Monthly lease payment,SAR
2024-05-01,19520.38,Rent,EXP-RENT-202405-3SC-DTN,PropertyCo,3SC-DTN,OVERHEAD,0.0,19520.38,bank_transfer,Monthly lease payment,SAR
2024-05-01,22729.45,Rent,EXP-RENT-202405-3SC-MAL,PropertyCo,3SC-MAL,OVERHEAD,0.0,22729.45,card,Monthly lease payment,SAR
2024-06-01,22726.1,Rent,EXP-RENT-202406-3SC-DTN,Mall Management,3SC-DTN,OVERHEAD,0.0,22726.1,card,Monthly lease payment,SAR
2024-06-01,22753.33,Rent,EXP-RENT-202406-3SC-MAL,PropertyCo,3SC-MAL,OVERHEAD,0.0,22753.33,card,Monthly lease payment,SAR
2024-07-01,22827.65,Rent,EXP-RENT-202407-3SC-DTN,Mall Management,3SC-DTN,OVERHEAD,0.0,22827.65,bank_transfer,Monthly lease payment,SAR
2024-07-01,19227.93,Rent,EXP-RENT-202407-3SC-MAL,Mall Management,3SC-MAL,OVERHEAD,0.0,19227.93,card,Monthly lease payment,SAR
2024-08-01,19003.98,Rent,EXP-RENT-202408-3SC-DTN,Mall Management,3SC-DTN,OVERHEAD,0.0,19003.98,card,Monthly lease payment,SAR
2024-08-01,22284.91,Rent,EXP-RENT-202408-3SC-MAL,PropertyCo,3SC-MAL,OVERHEAD,0.0,22284.91,bank_transfer,Monthly lease payment,SAR
2024-09-01,19102.46,Rent,EXP-RENT-202409-3SC-DTN,Mall Management,3SC-DTN,OVERHEAD,0.0,19102.46,card,Monthly lease payment,SAR
2024-09-01,19500.35,Rent,EXP-RENT-202409-3SC-MAL,Downtown Properties,3SC-MAL,OVERHEAD,0.0,19500.35,bank_transfer,Monthly lease payment,SAR
2024-10-01,21423.19,Rent,EXP-RENT-202410-3SC-DTN,Mall Management,3SC-DTN,OVERHEAD,0.0,21423.19,bank_transfer,Monthly lease payment,SAR
2024-10-01,22103.86,Rent,EXP-RENT-202410-3SC-MAL,Mall Management,3SC-MAL,OVERHEAD,0.0,22103.86,card,Monthly lease payment,SAR
2024-11-01,19863.31,Rent,EXP-RENT-202411-3SC-DTN,Mall Management,3SC-DTN,OVERHEAD,0.0,19863.31,card,Monthly lease payment,SAR
2024-11-01,20034.08,Rent,EXP-RENT-202411-3SC-MAL,Downtown Properties,3SC-MAL,OVERHEAD,0.0,20034.08,bank_transfer,Monthly lease payment,SAR
2024-12-01,22223.32,Rent,EXP-RENT-202412-3SC-DTN,Downtown Properties,3SC-DTN,OVERHEAD,0.0,22223.32,card,Monthly lease payment,SAR
2024-12-01,22582.27,Rent,EXP-RENT-202412-3SC-MAL,Mall Management,3SC-MAL,OVERHEAD,0.0,22582.27,bank_transfer,Monthly lease payment,SAR
2025-01-01,20028.04,Rent,EXP-RENT-202501-3SC-DTN,Downtown Properties,3SC-DTN,OVERHEAD,0.0,20028.04,bank_transfer,Monthly lease payment,SAR
2025-01-01,19067.04,Rent,EXP-RENT-202501-3SC-MAL,Downtown Properties,3SC-MAL,OVERHEAD,0.0,19067.04,bank_transfer,Monthly lease payment,SAR
2025-02-01,21442.62,Rent,EXP-RENT-202502-3SC-DTN,Mall Management,3SC-DTN,OVERHEAD,0.0,21442.62,bank_transfer,Monthly lease payment,SAR
2025-02-01,21127.05,Rent,EXP-RENT-202502-3SC-MAL,PropertyCo,3SC-MAL,OVERHEAD,0.0,21127.05,card,Monthly lease payment,SAR
2025-03-01,21875.36,Rent,EXP-RENT-202503-3SC-DTN,PropertyCo,3SC-DTN,OVERHEAD,0.0,21875.36,bank_transfer,Monthly lease payment,SAR
2025-03-01,20074.75,Rent,EXP-RENT-202503-3SC-MAL,Downtown Properties,3SC-MAL,OVERHEAD,0.0,20074.75,bank_transfer,Monthly lease payment,SAR
2025-04-01,21959.8,Rent,EXP-RENT-202504-3SC-DTN,Downtown Properties,3SC-DTN,OVERHEAD,0.0,21959.8,card,Monthly lease payment,SAR
2025-04-01,19702.65,Rent,EXP-RENT-202504-3SC-MAL,Mall Management,3SC-MAL,OVERHEAD,0.0,19702.65,bank_transfer,Monthly lease payment,SAR
2025-05-01,21547.42,Rent,EXP-RENT-202505-3SC-DTN,Downtown Properties,3SC-DTN,OVERHEAD,0.0,21547.42,bank_transfer,Monthly lease payment,SAR
2025-05-01,19320.48,Rent,EXP-RENT-202505-3SC-MAL,Downtown Properties,3SC-MAL,OVERHEAD,0.0,19320.48,bank_transfer,Monthly lease payment,SAR
2025-06-01,21157.26,Rent,EXP-RENT-202506-3SC-DTN,Mall Management,3SC-DTN,OVERHEAD,0.0,21157.26,card,Monthly lease payment,SAR
2025-06-01,20865.61,Rent,EXP-RENT-202506-3SC-MAL,Mall Management,3SC-MAL,OVERHEAD,0.0,20865.61,bank_transfer,Monthly lease payment,SAR
2025-07-01,22282.12,Rent,EXP-RENT-202507-3SC-DTN,Mall Management,3SC-DTN,OVERHEAD,0.0,22282.12,bank_transfer,Monthly lease payment,SAR
2025-07-01,20577.17,Rent,EXP-RENT-202507-3SC-MAL,PropertyCo,3SC-MAL,OVERHEAD,0.0,20577.17,bank_transfer,Monthly lease payment,SAR
2025-08-01,20443.89,Rent,EXP-RENT-202508-3SC-DTN,Downtown Properties,3SC-DTN,OVERHEAD,0.0,20443.89,card,Monthly lease payment,SAR
2025-08-01,20821.37,Rent,EXP-RENT-202508-3SC-MAL,Downtown Properties,3SC-MAL,OVERHEAD,0.0,20821.37,card,Monthly lease payment,SAR
2025-09-01,22989.61,Rent,EXP-RENT-202509-3SC-DTN,PropertyCo,3SC-DTN,OVERHEAD,0.0,22989.61,card,Monthly lease payment,SAR
2025-09-01,22881.84,Rent,EXP-RENT-202509-3SC-MAL,Downtown Properties,3SC-MAL,OVERHEAD,0.0,22881.84,bank_transfer,Monthly lease payment,SAR
2025-10-01,21476.99,Rent,EXP-RENT-202510-3SC-DTN,PropertyCo,3SC-DTN,OVERHEAD,0.0,21476.99,card,Monthly lease payment,SAR
2025-10-01,21084.14,Rent,EXP-RENT-202510-3SC-MAL,PropertyCo,3SC-MAL,OVERHEAD,0.0,21084.14,bank_transfer,Monthly lease payment,SAR
2025-11-01,22221.6,Rent,EXP-RENT-202511-3SC-DTN,PropertyCo,3SC-DTN,OVERHEAD,0.0,22221.6,card,Monthly lease payment,SAR
2025-11-01,21834.78,Rent,EXP-RENT-202511-3SC-MAL,Mall Management,3SC-MAL,OVERHEAD,0.0,21834.78,card,Monthly lease payment,SAR
2025-12-01,20697.34,Rent,EXP-RENT-202512-3SC-DTN,Downtown Properties,3SC-DTN,OVERHEAD,0.0,20697.34,card,Monthly lease payment,SAR
2025-12-01,22505.05,Rent,EXP-RENT-202512-3SC-MAL,Downtown Properties,3SC-MAL,OVERHEAD,0.0,22505.05,card,Monthly lease payment,SAR
2024-01-01,3333.05,Maintenance,EXP-20240101-00049,ElectroWorks,3SC-DTN,OVERHEAD,499.96,3833.01,cash,,SAR
2024-01-01,3218.24,Coffee Beans,EXP-20240101-00050,RoasterOne,3SC-DTN,COGS,482.74,3700.98,bank_transfer,,SAR
2024-01-01,2760.78,Milk & Dairy,EXP-20240101-00051,MilkMart,3SC-DTN,COGS,414.12,3174.9,card,,SAR
2024-01-01,813.36,Packaging,EXP-20240101-00052,PackRight,3SC-DTN,COGS,122.0,935.36,cash,,SAR
2024-01-01,986.22,Maintenance,EXP-20240101-00053,ElectroWorks,3SC-DTN,OVERHEAD,147.93,1134.15,bank_transfer,,SAR
2024-01-01,7065.04,Coffee Beans,EXP-20240101-00054,BeanSupply,3SC-MAL,COGS,1059.76,8124.8,card,,SAR
2024-01-01,7240.93,Coffee Beans,EXP-20240101-00055,Arabica Traders,3SC-MAL,COGS,1086.14,8327.07,cash,,SAR
2024-01-08,1581.77,Packaging,EXP-20240108-00056,PackRight,3SC-DTN,COGS,237.27,1819.04,bank_transfer,,SAR
2024-01-08,2166.32,Pastry Supplies,EXP-20240108-00057,BakeSupply,3SC-DTN,COGS,324.95,2491.27,card,,SAR
2024-01-08,1633.31,Packaging,EXP-20240108-00058,PackRight,3SC-DTN,COGS,245.0,1878.31,cash,,SAR
2024-01-08,1187.1,Cleaning,EXP-20240108-00059,CleanPro,3SC-MAL,OVERHEAD,178.06,1365.16,bank_transfer,,SAR
2024-01-08,2722.68,Utilities,EXP-20240108-00060,Saudi Electricity Co,3SC-MAL,OVERHEAD,408.4,3131.08,bank_transfer,,SAR
2024-01-15,1399.93,Marketing,EXP-20240115-00061,SocialBoost,3SC-DTN,OVERHEAD,209.99,1609.92,bank_transfer,,SAR
2024-01-15,1233.8,Marketing,EXP-20240115-00062,SocialBoost,3SC-DTN,OVERHEAD,185.07,1418.87,bank_transfer,,SAR
2024-01-15,568.36,Packaging,EXP-20240115-00063,PackRight,3SC-DTN,COGS,85.25,653.61,bank_transfer,,SAR
2024-01-15,1006.66,Maintenance,EXP-20240115-00064,AC Masters,3SC-DTN,OVERHEAD,151.0,1157.66,cash,,SAR
2024-01-15,1042.31,Marketing,EXP-20240115-00065,AdSpark,3SC-DTN,OVERHEAD,156.35,1198.66,card,,SAR
2024-01-15,2575.96,Coffee Beans,EXP-20240115-00066,BeanSupply,3SC-MAL,COGS,386.39,2962.35,cash,,SAR
2024-01-15,1003.11,Maintenance,EXP-20240115-00067,AC Masters,3SC-MAL,OVERHEAD,150.47,1153.58,bank_transfer,,SAR
2024-01-15,2436.51,Pastry Supplies,EXP-20240115-00068,Flour & Co,3SC-MAL,COGS,365.48,2801.99,card,,SAR
2024-01-15,1377.59,Maintenance,EXP-20240115-00069,FixIt Services,3SC-MAL,OVERHEAD,206.64,1584.23,card,,SAR
2024-01-15,575.94,Cleaning,EXP-20240115-00070,SparkleCare,3SC-MAL,OVERHEAD,86.39,662.33,cash,,SAR
2024-01-22,576.45,Cleaning,EXP-20240122-00071,SparkleCare,3SC-DTN,OVERHEAD,86.47,662.92,card,,SAR
2024-01-22,809.24,Packaging,EXP-20240122-00072,PackRight,3SC-DTN,COGS,121.39,930.63,cash,,SAR
2024-01-22,2902.07,Coffee Beans,EXP-20240122-00073,Arabica Traders,3SC-DTN,COGS,435.31,3337.38,card,,SAR
2024-01-22,1754.74,Marketing,EXP-20240122-00074,AdSpark,3SC-DTN,OVERHEAD,263.21,2017.95,card,,SAR
2024-01-22,1354.96,Packaging,EXP-20240122-00075,PackRight,3SC-DTN,COGS,203.24,1558.2,bank_transfer,,SAR
2024-01-22,2568.09,Milk & Dairy,EXP-20240122-00076,DairyFresh,3SC-MAL,COGS,385.21,2953.3,cash,,SAR
2024-01-22,424.91,Packaging,EXP-20240122-00077,EcoWrap,3SC-MAL,COGS,63.74,488.65,bank_transfer,,SAR
2024-01-29,3862.67,Milk & Dairy,EXP-20240129-00078,DairyFresh,3SC-DTN,COGS,579.4,4442.07,bank_transfer,,SAR
2024-01-29,1461.25,Utilities,EXP-20240129-00079,WaterWorks,3SC-DTN,OVERHEAD,219.19,1680.44,bank_transfer,,SAR
2024-01-29,1397.13,Packaging,EXP-20240129-00080,EcoWrap,3SC-MAL,COGS,209.57,1606.7,card,,SAR
2024-01-29,2184.04,Maintenance,EXP-20240129-00081,FixIt Services,3SC-MAL,OVERHEAD,327.61,2511.65,card,,SAR
2024-01-29,2670.76,Utilities,EXP-20240129-00082,TelecomNet,3SC-MAL,OVERHEAD,400.61,3071.37,card,,SAR
2024-01-29,1654.24,Marketing,EXP-20240129-00083,AdSpark,3SC-MAL,OVERHEAD,248.14,1902.38,bank_transfer,,SAR
2024-02-05,498.41,Packaging,EXP-20240205-00084,PackRight,3SC-DTN,COGS,74.76,573.17,bank_transfer,,SAR
2024-02-05,235.77,Cleaning,EXP-20240205-00085,CleanPro,3SC-DTN,OVERHEAD,35.37,271.14,bank_transfer,,SAR
2024-02-05,1566.74,Pastry Supplies,EXP-20240205-00086,Flour & Co,3SC-DTN,COGS,235.01,1801.75,bank_transfer,,SAR
2024-02-05,1110.56,Maintenance,EXP-20240205-00087,FixIt Services,3SC-MAL,OVERHEAD,166.58,1277.14,bank_transfer,,SAR
2024-02-05,905.82,Cleaning,EXP-20240205-00088,CleanPro,3SC-MAL,OVERHEAD,135.87,1041.69,bank_transfer,,SAR
2024-02-05,419.51,Packaging,EXP-20240205-00089,PackRight,3SC-MAL,COGS,62.93,482.44,card,,SAR
2024-02-05,2369.29,Pastry Supplies,EXP-20240205-00090,Flour & Co,3SC-MAL,COGS,355.39,2724.68,bank_transfer,,SAR
2024-02-05,3557.18,Utilities,EXP-20240205-00091,Saudi Electricity Co,3SC-MAL,OVERHEAD,533.58,4090.76,bank_transfer,,SAR
2024-02-12,5898.22,Coffee Beans,EXP-20240212-00092,Arabica Traders,3SC-DTN,COGS,884.73,6782.95,cash,,SAR
2024-02-12,2777.28,Maintenance,EXP-20240212-00093,AC Masters,3SC-DTN,OVERHEAD,416.59,3193.87,card,,SAR
2024-02-12,2499.19,Milk & Dairy,EXP-20240212-00094,DairyFresh,3SC-MAL,COGS,374.88,2874.07,cash,,SAR
2024-02-12,2055.19,Pastry Supplies,EXP-20240212-00095,Flour & Co,3SC-MAL,COGS,308.28,2363.47,cash,,SAR
2024-02-12,1980.9,Marketing,EXP-20240212-00096,Billboard Media,3SC-MAL,OVERHEAD,297.13,2278.03,card,,SAR
2024-02-12,5883.07,Coffee Beans,EXP-20240212-00097,Arabica Traders,3SC-MAL,COGS,882.46,6765.53,cash,,SAR
2024-02-12,950.59,Maintenance,EXP-20240212-00098,AC Masters,3SC-MAL,OVERHEAD,142.59,1093.18,bank_transfer,,SAR
2024-02-19,2465.27,Milk & Dairy,EXP-20240219-00099,MilkMart,3SC-DTN,COGS,369.79,2835.06,bank_transfer,,SAR
2024-02-19,2135.94,Marketing,EXP-20240219-00100,SocialBoost,3SC-DTN,OVERHEAD,320.39,2456.33,cash,,SAR
2024-02-19,2946.54,Utilities,EXP-20240219-00101,Saudi Electricity Co,3SC-DTN,OVERHEAD,441.98,3388.52,bank_transfer,,SAR
2024-02-19,1465.64,Utilities,EXP-20240219-00102,WaterWorks,3SC-MAL,OVERHEAD,219.85,1685.49,card,,SAR
2024-02-19,966.54,Packaging,EXP-20240219-00103,EcoWrap,3SC-MAL,COGS,144.98,1111.52,bank_transfer,,SAR
2024-02-19,2121.35,Marketing,EXP-20240219-00104,Billboard Media,3SC-MAL,OVERHEAD,318.2,2439.55,bank_transfer,,SAR
2024-02-19,1152.96,Cleaning,EXP-20240219-00105,CleanPro,3SC-MAL,OVERHEAD,172.94,1325.9,card,,SAR
2024-02-26,4424.97,Coffee Beans,EXP-20240226-00106,Arabica Traders,3SC-DTN,COGS,663.75,5088.72,cash,,SAR
2024-02-26,760.65,Marketing,EXP-20240226-00107,SocialBoost,3SC-DTN,OVERHEAD,114.1,874.75,cash,,SAR
2024-02-26,1682.91,Milk & Dairy,EXP-20240226-00108,DairyFresh,3SC-DTN,COGS,252.44,1935.35,bank_transfer,,SAR
2024-02-26,4716.24,Coffee Beans,EXP-20240226-00109,Arabica Traders,3SC-DTN,COGS,707.44,5423.68,bank_transfer,,SAR
2024-02-26,2229.2,Maintenance,EXP-20240226-00110,FixIt Services,3SC-DTN,OVERHEAD,334.38,2563.58,bank_transfer,,SAR
2024-02-26,1499.05,Packaging,EXP-20240226-00111,PackRight,3SC-MAL,COGS,224.86,1723.91,card,,SAR
2024-02-26,1934.44,Coffee Beans,EXP-20240226-00112,Arabica Traders,3SC-MAL,COGS,290.17,2224.61,card,,SAR
2024-02-26,506.46,Pastry Supplies,EXP-20240226-00113,BakeSupply,3SC-MAL,COGS,75.97,582.43,bank_transfer,,SAR
2024-02-26,3240.24,Coffee Beans,EXP-20240226-00114,BeanSupply,3SC-MAL,COGS,486.04,3726.28,cash,,SAR
2024-02-26,3048.15,Utilities,EXP-20240226-00115,TelecomNet,3SC-MAL,OVERHEAD,457.22,3505.37,cash,,SAR
2024-03-04,1380.49,Marketing,EXP-20240304-00116,Billboard Media,3SC-DTN,OVERHEAD,207.07,1587.56,cash,,SAR
2024-03-04,206.69,Cleaning,EXP-20240304-00117,CleanPro,3SC-DTN,OVERHEAD,31.0,237.69,cash,,SAR
2024-03-04,377.14,Packaging,EXP-20240304-00118,EcoWrap,3SC-MAL,COGS,56.57,433.71,bank_transfer,,SAR
2024-03-04,746.42,Marketing,EXP-20240304-00119,Billboard Media,3SC-MAL,OVERHEAD,111.96,858.38,cash,,SAR
2024-03-04,1782.86,Marketing,EXP-20240304-00120,Billboard Media,3SC-MAL,OVERHEAD,267.43,2050.29,cash,,SAR
2024-03-11,723.81,Pastry Supplies,EXP-20240311-00121,BakeSupply,3SC-DTN,COGS,108.57,832.38,cash,,SAR
2024-03-11,3730.8,Utilities,EXP-20240311-00122,WaterWorks,3SC-DTN,OVERHEAD,559.62,4290.42,card,,SAR
2024-03-11,7432.12,Coffee Beans,EXP-20240311-00123,RoasterOne,3SC-MAL,COGS,1114.82,8546.94,card,,SAR
2024-03-11,2862.53,Milk & Dairy,EXP-20240311-00124,MilkMart,3SC-MAL,COGS,429.38,3291.91,cash,,SAR
2024-03-18,1617.97,Pastry Supplies,EXP-20240318-00125,Flour & Co,3SC-DTN,COGS,242.7,1860.67,bank_transfer,,SAR
2024-03-18,947.81,Packaging,EXP-20240318-00126,EcoWrap,3SC-DTN,COGS,142.17,1089.98,card,,SAR
2024-03-18,2290.25,Utilities,EXP-20240318-00127,WaterWorks,3SC-DTN,OVERHEAD,343.54,2633.79,bank_transfer,,SAR
2024-03-18,1953.5,Marketing,EXP-20240318-00128,AdSpark,3SC-DTN,OVERHEAD,293.02,2246.52,cash,,SAR
2024-03-18,2238.51,Pastry Supplies,EXP-20240318-00129,BakeSupply,3SC-DTN,COGS,335.78,2574.29,cash,,SAR
2024-03-18,1637.68,Packaging,EXP-20240318-00130,PackRight,3SC-MAL,COGS,245.65,1883.33,cash,,SAR
2024-03-18,2729.37,Milk & Dairy,EXP-20240318-00131,DairyFresh,3SC-MAL,COGS,409.41,3138.78,cash,,SAR
2024-03-18,3677.96,Milk & Dairy,EXP-20240318-00132,MilkMart,3SC-MAL,COGS,551.69,4229.65,card,,SAR
2024-03-18,3288.08,Milk & Dairy,EXP-20240318-00133,MilkMart,3SC-MAL,COGS,493.21,3781.29,cash,,SAR
2024-03-18,2046.96,Coffee Beans,EXP-20240318-00134,RoasterOne,3SC-MAL,COGS,307.04,2354.0,card,,SAR
2024-03-25,591.5,Cleaning,EXP-20240325-00135,CleanPro,3SC-DTN,OVERHEAD,88.72,680.22,bank_transfer,,SAR
2024-03-25,2342.66,Utilities,EXP-20240325-00136,WaterWorks,3SC-DTN,OVERHEAD,351.4,2694.06,card,,SAR
2024-03-25,1437.87,Marketing,EXP-20240325-00137,AdSpark,3SC-DTN,OVERHEAD,215.68,1653.55,bank_transfer,,SAR
2024-03-25,2298.21,Pastry Supplies,EXP-20240325-00138,Flour & Co,3SC-MAL,COGS,344.73,2642.94,cash,,SAR
2024-03-25,1666.53,Milk & Dairy,EXP-20240325-00139,DairyFresh,3SC-MAL,COGS,249.98,1916.51,cash,,SAR
2024-03-25,510.7,Pastry Supplies,EXP-20240325-00140,Flour & Co,3SC-MAL,COGS,76.6,587.3,cash,,SAR
2024-03-25,6690.27,Coffee Beans,EXP-20240325-00141,Arabica Traders,3SC-MAL,COGS,1003.54,7693.81,cash,,SAR
2024-04-01,5171.08,Coffee Beans,EXP-20240401-00142,Arabica Traders,3SC-DTN,COGS,775.66,5946.74,bank_transfer,,SAR
2024-04-01,423.35,Marketing,EXP-20240401-00143,AdSpark,3SC-DTN,OVERHEAD,63.5,486.85,bank_transfer,,SAR
2024-04-01,814.1,Cleaning,EXP-20240401-00144,SparkleCare,3SC-MAL,OVERHEAD,122.11,936.21,cash,,SAR
2024-04-01,3282.44,Milk & Dairy,EXP-20240401-00145,DairyFresh,3SC-MAL,COGS,492.37,3774.81,bank_transfer,,SAR
2024-04-01,736.93,Marketing,EXP-20240401-00146,Billboard Media,3SC-MAL,OVERHEAD,110.54,847.47,cash,,SAR
2024-04-01,1456.82,Maintenance,EXP-20240401-00147,AC Masters,3SC-MAL,OVERHEAD,218.52,1675.34,bank_transfer,,SAR
2024-04-08,576.06,Pastry Supplies,EXP-20240408-00148,BakeSupply,3SC-DTN,COGS,86.41,662.47,card,,SAR
2024-04-08,1316.33,Packaging,EXP-20240408-00149,PackRight,3SC-DTN,COGS,197.45,1513.78,cash,,SAR
2024-04-08,1843.5,Pastry Supplies,EXP-20240408-00150,Flour & Co,3SC-MAL,COGS,276.52,2120.02,cash,,SAR
2024-04-08,1080.21,Cleaning,EXP-20240408-00151,CleanPro,3SC-MAL,OVERHEAD,162.03,1242.24,bank_transfer,,SAR
2024-04-08,1342.08,Milk & Dairy,EXP-20240408-00152,DairyFresh,3SC-MAL,COGS,201.31,1543.39,card,,SAR
2024-04-08,2857.52,Milk & Dairy,EXP-20240408-00153,DairyFresh,3SC-MAL,COGS,428.63,3286.15,cash,,SAR
2024-04-15,407.41,Packaging,EXP-20240415-00154,EcoWrap,3SC-DTN,COGS,61.11,468.52,card,,SAR
2024-04-15,2073.58,Marketing,EXP-20240415-00155,AdSpark,3SC-DTN,OVERHEAD,311.04,2384.62,bank_transfer,,SAR
2024-04-15,356.26,Cleaning,EXP-20240415-00156,CleanPro,3SC-DTN,OVERHEAD,53.44,409.7,card,,SAR
2024-04-15,1405.19,Utilities,EXP-20240415-00157,TelecomNet,3SC-DTN,OVERHEAD,210.78,1615.97,bank_transfer,,SAR
2024-04-15,1638.43,Packaging,EXP-20240415-00158,EcoWrap,3SC-DTN,COGS,245.76,1884.19,cash,,SAR
2024-04-15,1912.56,Milk & Dairy,EXP-20240415-00159,MilkMart,3SC-MAL,COGS,286.88,2199.44,bank_transfer,,SAR
2024-04-15,2630.49,Maintenance,EXP-20240415-00160,ElectroWorks,3SC-MAL,OVERHEAD,394.57,3025.06,cash,,SAR
2024-04-22,360.23,Cleaning,EXP-20240422-00161,CleanPro,3SC-DTN,OVERHEAD,54.03,414.26,card,,SAR
2024-04-22,605.37,Cleaning,EXP-20240422-00162,SparkleCare,3SC-DTN,OVERHEAD,90.81,696.18,bank_transfer,,SAR
2024-04-22,1082.22,Packaging,EXP-20240422-00163,EcoWrap,3SC-DTN,COGS,162.33,1244.55,cash,,SAR
2024-04-22,3699.27,Milk & Dairy,EXP-20240422-00164,DairyFresh,3SC-MAL,COGS,554.89,4254.16,bank_transfer,,SAR
2024-04-22,2094.67,Milk & Dairy,EXP-20240422-00165,DairyFresh,3SC-MAL,COGS,314.2,2408.87,bank_transfer,,SAR
2024-04-22,2090.84,Pastry Supplies,EXP-20240422-00166,Flour & Co,3SC-MAL,COGS,313.63,2404.47,card,,SAR
2024-04-29,2512.37,Maintenance,EXP-20240429-00167,FixIt Services,3SC-DTN,OVERHEAD,376.86,2889.23,cash,,SAR
2024-04-29,382.79,Cleaning,EXP-20240429-00168,SparkleCare,3SC-DTN,OVERHEAD,57.42,440.21,card,,SAR
2024-04-29,2160.56,Coffee Beans,EXP-20240429-00169,Arabica Traders,3SC-DTN,COGS,324.08,2484.64,card,,SAR
2024-04-29,1983.39,Pastry Supplies,EXP-20240429-00170,Flour & Co,3SC-DTN,COGS,297.51,2280.9,card,,SAR
2024-04-29,2475.84,Marketing,EXP-20240429-00171,Billboard Media,3SC-DTN,OVERHEAD,371.38,2847.22,cash,,SAR
2024-04-29,2188.99,Maintenance,EXP-20240429-00172,ElectroWorks,3SC-MAL,OVERHEAD,328.35,2517.34,bank_transfer,,SAR
2024-04-29,1189.16,Packaging,EXP-20240429-00173,PackRight,3SC-MAL,COGS,178.37,1367.53,card,,SAR
2024-04-29,3297.49,Coffee Beans,EXP-20240429-00174,BeanSupply,3SC-MAL,COGS,494.62,3792.11,card,,SAR
2024-04-29,1962.1,Utilities,EXP-20240429-00175,WaterWorks,3SC-MAL,OVERHEAD,294.31,2256.41,card,,SAR
2024-05-06,6157.37,Coffee Beans,EXP-20240506-00176,RoasterOne,3SC-DTN,COGS,923.61,7080.98,card,,SAR
2024-05-06,1521.53,Pastry Supplies,EXP-20240506-00177,Flour & Co,3SC-DTN,COGS,228.23,1749.76,cash,,SAR
2024-05-06,3930.57,Milk & Dairy,EXP-20240506-00178,DairyFresh,3SC-DTN,COGS,589.59,4520.16,cash,,SAR
2024-05-06,1367.72,Utilities,EXP-20240506-00179,Saudi Electricity Co,3SC-MAL,OVERHEAD,205.16,1572.88,cash,,SAR
2024-05-06,3011.55,Coffee Beans,EXP-20240506-00180,RoasterOne,3SC-MAL,COGS,451.73,3463.28,bank_transfer,,SAR
2024-05-13,1851.93,Utilities,EXP-20240513-00181,WaterWorks,3SC-DTN,OVERHEAD,277.79,2129.72,bank_transfer,,SAR
2024-05-13,6994.89,Coffee Beans,EXP-20240513-00182,BeanSupply,3SC-DTN,COGS,1049.23,8044.12,cash,,SAR
2024-05-13,1712.64,Packaging,EXP-20240513-00183,EcoWrap,3SC-DTN,COGS,256.9,1969.54,bank_transfer,,SAR
2024-05-13,684.84,Cleaning,EXP-20240513-00184,CleanPro,3SC-MAL,OVERHEAD,102.73,787.57,card,,SAR
2024-05-13,930.79,Packaging,EXP-20240513-00185,EcoWrap,3SC-MAL,COGS,139.62,1070.41,cash,,SAR
2024-05-20,2068.27,Pastry Supplies,EXP-20240520-00186,Flour & Co,3SC-DTN,COGS,310.24,2378.51,card,,SAR
2024-05-20,979.69,Maintenance,EXP-20240520-00187,FixIt Services,3SC-DTN,OVERHEAD,146.95,1126.64,bank_transfer,,SAR
2024-05-20,3254.95,Maintenance,EXP-20240520-00188,AC Masters,3SC-MAL,OVERHEAD,488.24,3743.19,bank_transfer,,SAR
2024-05-20,2578.05,Coffee Beans,EXP-20240520-00189,RoasterOne,3SC-MAL,COGS,386.71,2964.76,card,,SAR
2024-05-20,2087.4,Utilities,EXP-20240520-00190,Saudi Electricity Co,3SC-MAL,OVERHEAD,313.11,2400.51,cash,,SAR
2024-05-27,723.17,Packaging,EXP-20240527-00191,PackRight,3SC-DTN,COGS,108.48,831.65,bank_transfer,,SAR
2024-05-27,1143.97,Marketing,EXP-20240527-00192,SocialBoost,3SC-DTN,OVERHEAD,171.6,1315.57,bank_transfer,,SAR
2024-05-27,999.98,Packaging,EXP-20240527-00193,PackRight,3SC-MAL,COGS,150.0,1149.98,bank_transfer,,SAR
2024-05-27,1657.89,Marketing,EXP-20240527-00194,AdSpark,3SC-MAL,OVERHEAD,248.68,1906.57,bank_transfer,,SAR
2024-05-27,1385.2,Pastry Supplies,EXP-20240527-00195,BakeSupply,3SC-MAL,COGS,207.78,1592.98,card,,SAR
2024-06-03,1058.55,Pastry Supplies,EXP-20240603-00196,BakeSupply,3SC-DTN,COGS,158.78,1217.33,cash,,SAR
2024-06-03,2755.54,Utilities,EXP-20240603-00197,WaterWorks,3SC-DTN,OVERHEAD,413.33,3168.87,bank_transfer,,SAR
2024-06-03,395.97,Cleaning,EXP-20240603-00198,SparkleCare,3SC-DTN,OVERHEAD,59.4,455.37,cash,,SAR
2024-06-03,1588.38,Packaging,EXP-20240603-00199,EcoWrap,3SC-DTN,COGS,238.26,1826.64,card,,SAR
2024-06-03,1337.12,Pastry Supplies,EXP-20240603-00200,Flour & Co,3SC-MAL,COGS,200.57,1537.69,bank_transfer,,SAR
2024-06-03,1060.68,Pastry Supplies,EXP-20240603-00201,Flour & Co,3SC-MAL,COGS,159.1,1219.78,bank_transfer,,SAR
2024-06-03,2272.71,Maintenance,EXP-20240603-00202,ElectroWorks,3SC-MAL,OVERHEAD,340.91,2613.62,bank_transfer,,SAR
2024-06-10,1669.56,Packaging,EXP-20240610-00203,PackRight,3SC-DTN,COGS,250.43,1919.99,card,,SAR
2024-06-10,781.0,Maintenance,EXP-20240610-00204,AC Masters,3SC-DTN,OVERHEAD,117.15,898.15,cash,,SAR
2024-06-10,1440.9,Packaging,EXP-20240610-00205,EcoWrap,3SC-DTN,COGS,216.14,1657.04,card,,SAR
2024-06-10,488.34,Cleaning,EXP-20240610-00206,SparkleCare,3SC-DTN,OVERHEAD,73.25,561.59,card,,SAR
2024-06-10,4039.71,Milk & Dairy,EXP-20240610-00207,DairyFresh,3SC-MAL,COGS,605.96,4645.67,card,,SAR
2024-06-10,1559.82,Utilities,EXP-20240610-00208,Saudi Electricity Co,3SC-MAL,OVERHEAD,233.97,1793.79,card,,SAR
2024-06-17,5872.3,Coffee Beans,EXP-20240617-00209,Arabica Traders,3SC-DTN,COGS,880.85,6753.15,cash,,SAR
2024-06-17,6601.41,Coffee Beans,EXP-20240617-00210,BeanSupply,3SC-DTN,COGS,990.21,7591.62,card,,SAR
2024-06-17,285.05,Cleaning,EXP-20240617-00211,CleanPro,3SC-DTN,OVERHEAD,42.76,327.81,cash,,SAR
2024-06-17,3300.65,Coffee Beans,EXP-20240617-00212,BeanSupply,3SC-DTN,COGS,495.1,3795.75,bank_transfer,,SAR
2024-06-17,455.47,Cleaning,EXP-20240617-00213,SparkleCare,3SC-MAL,OVERHEAD,68.32,523.79,bank_transfer,,SAR
2024-06-17,520.7,Cleaning,EXP-20240617-00214,SparkleCare,3SC-MAL,OVERHEAD,78.11,598.81,card,,SAR
2024-06-17,2394.66,Pastry Supplies,EXP-20240617-00215,Flour & Co,3SC-MAL,COGS,359.2,2753.86,cash,,SAR
2024-06-24,4784.89,Coffee Beans,EXP-20240624-00216,Arabica Traders,3SC-DTN,COGS,717.73,5502.62,card,,SAR
2024-06-24,1815.13,Utilities,EXP-20240624-00217,WaterWorks,3SC-DTN,OVERHEAD,272.27,2087.4,cash,,SAR
2024-06-24,2019.61,Pastry Supplies,EXP-20240624-00218,BakeSupply,3SC-MAL,COGS,302.94,2322.55,cash,,SAR
2024-06-24,356.43,Packaging,EXP-20240624-00219,PackRight,3SC-MAL,COGS,53.46,409.89,cash,,SAR
2024-06-24,2975.32,Milk & Dairy,EXP-20240624-00220,MilkMart,3SC-MAL,COGS,446.3,3421.62,card,,SAR
2024-07-01,1906.39,Coffee Beans,EXP-20240701-00221,Arabica Traders,3SC-DTN,COGS,285.96,2192.35,cash,,SAR
2024-07-01,369.29,Marketing,EXP-20240701-00222,AdSpark,3SC-DTN,OVERHEAD,55.39,424.68,card,,SAR
2024-07-01,1496.07,Marketing,EXP-20240701-00223,AdSpark,3SC-MAL,OVERHEAD,224.41,1720.48,card,,SAR
2024-07-01,755.04,Packaging,EXP-20240701-00224,EcoWrap,3SC-MAL,COGS,113.26,868.3,cash,,SAR
2024-07-01,810.58,Packaging,EXP-20240701-00225,PackRight,3SC-MAL,COGS,121.59,932.17,cash,,SAR
2024-07-01,2810.21,Utilities,EXP-20240701-00226,Saudi Electricity Co,3SC-MAL,OVERHEAD,421.53,3231.74,cash,,SAR
2024-07-08,2983.61,Utilities,EXP-20240708-00227,TelecomNet,3SC-DTN,OVERHEAD,447.54,3431.15,card,,SAR
2024-07-08,765.82,Packaging,EXP-20240708-00228,EcoWrap,3SC-DTN,COGS,114.87,880.69,cash,,SAR
2024-07-08,1429.05,Marketing,EXP-20240708-00229,SocialBoost,3SC-DTN,OVERHEAD,214.36,1643.41,cash,,SAR
2024-07-08,1327.91,Milk & Dairy,EXP-20240708-00230,DairyFresh,3SC-DTN,COGS,199.19,1527.1,bank_transfer,,SAR
2024-07-08,3037.91,Milk & Dairy,EXP-20240708-00231,DairyFresh,3SC-MAL,COGS,455.69,3493.6,card,,SAR
2024-07-08,520.99,Pastry Supplies,EXP-20240708-00232,BakeSupply,3SC-MAL,COGS,78.15,599.14,bank_transfer,,SAR
2024-07-08,1581.56,Packaging,EXP-20240708-00233,EcoWrap,3SC-MAL,COGS,237.23,1818.79,card,,SAR
2024-07-08,2169.02,Utilities,EXP-20240708-00234,WaterWorks,3SC-MAL,OVERHEAD,325.35,2494.37,cash,,SAR
2024-07-15,3038.35,Utilities,EXP-20240715-00235,Saudi Electricity Co,3SC-DTN,OVERHEAD,455.75,3494.1,bank_transfer,,SAR
2024-07-15,1751.67,Utilities,EXP-20240715-00236,Saudi Electricity Co,3SC-DTN,OVERHEAD,262.75,2014.42,card,,SAR
2024-07-15,1970.6,Pastry Supplies,EXP-20240715-00237,BakeSupply,3SC-DTN,COGS,295.59,2266.19,bank_transfer,,SAR
2024-07-15,1819.07,Utilities,EXP-20240715-00238,WaterWorks,3SC-DTN,OVERHEAD,272.86,2091.93,card,,SAR
2024-07-15,778.27,Cleaning,EXP-20240715-00239,SparkleCare,3SC-DTN,OVERHEAD,116.74,895.01,bank_transfer,,SAR
2024-07-15,1059.49,Maintenance,EXP-20240715-00240,ElectroWorks,3SC-MAL,OVERHEAD,158.92,1218.41,card,,SAR
2024-07-15,3422.22,Utilities,EXP-20240715-00241,WaterWorks,3SC-MAL,OVERHEAD,513.33,3935.55,bank_transfer,,SAR
2024-07-22,358.21,Cleaning,EXP-20240722-00242,CleanPro,3SC-DTN,OVERHEAD,53.73,411.94,card,,SAR
2024-07-22,2949.6,Milk & Dairy,EXP-20240722-00243,MilkMart,3SC-DTN,COGS,442.44,3392.04,bank_transfer,,SAR
2024-07-22,1436.84,Packaging,EXP-20240722-00244,EcoWrap,3SC-DTN,COGS,215.53,1652.37,card,,SAR
2024-07-22,401.45,Cleaning,EXP-20240722-00245,CleanPro,3SC-DTN,OVERHEAD,60.22,461.67,cash,,SAR
2024-07-22,7308.85,Coffee Beans,EXP-20240722-00246,BeanSupply,3SC-MAL,COGS,1096.33,8405.18,cash,,SAR
2024-07-22,2062.2,Pastry Supplies,EXP-20240722-00247,Flour & Co,3SC-MAL,COGS,309.33,2371.53,bank_transfer,,SAR
2024-07-22,1381.26,Milk & Dairy,EXP-20240722-00248,MilkMart,3SC-MAL,COGS,207.19,1588.45,card,,SAR
2024-07-29,1546.86,Milk & Dairy,EXP-20240729-00249,DairyFresh,3SC-DTN,COGS,232.03,1778.89,card,,SAR
2024-07-29,6915.65,Coffee Beans,EXP-20240729-00250,RoasterOne,3SC-DTN,COGS,1037.35,7953.0,bank_transfer,,SAR
2024-07-29,648.2,Pastry Supplies,EXP-20240729-00251,Flour & Co,3SC-MAL,COGS,97.23,745.43,card,,SAR
2024-07-29,1822.98,Milk & Dairy,EXP-20240729-00252,DairyFresh,3SC-MAL,COGS,273.45,2096.43,card,,SAR
2024-07-29,1104.18,Packaging,EXP-20240729-00253,EcoWrap,3SC-MAL,COGS,165.63,1269.81,card,,SAR
2024-07-29,559.78,Cleaning,EXP-20240729-00254,CleanPro,3SC-MAL,OVERHEAD,83.97,643.75,cash,,SAR
2024-07-29,2004.75,Utilities,EXP-20240729-00255,WaterWorks,3SC-MAL,OVERHEAD,300.71,2305.46,card,,SAR
2024-08-05,2565.9,Maintenance,EXP-20240805-00256,FixIt Services,3SC-DTN,OVERHEAD,384.88,2950.78,cash,,SAR
2024-08-05,774.95,Pastry Supplies,EXP-20240805-00257,Flour & Co,3SC-DTN,COGS,116.24,891.19,bank_transfer,,SAR
2024-08-05,1490.24,Packaging,EXP-20240805-00258,EcoWrap,3SC-DTN,COGS,223.54,1713.78,card,,SAR
2024-08-05,2426.85,Maintenance,EXP-20240805-00259,FixIt Services,3SC-DTN,OVERHEAD,364.03,2790.88,cash,,SAR
2024-08-05,1769.86,Marketing,EXP-20240805-00260,AdSpark,3SC-DTN,OVERHEAD,265.48,2035.34,card,,SAR
2024-08-05,2911.75,Utilities,EXP-20240805-00261,Saudi Electricity Co,3SC-MAL,OVERHEAD,436.76,3348.51,card,,SAR
2024-08-05,3248.35,Maintenance,EXP-20240805-00262,ElectroWorks,3SC-MAL,OVERHEAD,487.25,3735.6,card,,SAR
2024-08-05,2406.36,Pastry Supplies,EXP-20240805-00263,BakeSupply,3SC-MAL,COGS,360.95,2767.31,card,,SAR
2024-08-12,1208.5,Marketing,EXP-20240812-00264,AdSpark,3SC-DTN,OVERHEAD,181.28,1389.78,cash,,SAR
2024-08-12,443.13,Marketing,EXP-20240812-00265,SocialBoost,3SC-DTN,OVERHEAD,66.47,509.6,card,,SAR
2024-08-12,269.81,Cleaning,EXP-20240812-00266,CleanPro,3SC-DTN,OVERHEAD,40.47,310.28,bank_transfer,,SAR
2024-08-12,1655.77,Utilities,EXP-20240812-00267,WaterWorks,3SC-DTN,OVERHEAD,248.37,1904.14,bank_transfer,,SAR
2024-08-12,1448.37,Utilities,EXP-20240812-00268,Saudi Electricity Co,3SC-MAL,OVERHEAD,217.26,1665.63,card,,SAR
2024-08-12,3351.57,Milk & Dairy,EXP-20240812-00269,MilkMart,3SC-MAL,COGS,502.74,3854.31,bank_transfer,,SAR
2024-08-12,1102.77,Packaging,EXP-20240812-00270,EcoWrap,3SC-MAL,COGS,165.42,1268.19,cash,,SAR
2024-08-12,1636.68,Packaging,EXP-20240812-00271,PackRight,3SC-MAL,COGS,245.5,1882.18,cash,,SAR
2024-08-12,6718.24,Coffee Beans,EXP-20240812-00272,Arabica Traders,3SC-MAL,COGS,1007.74,7725.98,card,,SAR
2024-08-19,1501.93,Marketing,EXP-20240819-00273,SocialBoost,3SC-DTN,OVERHEAD,225.29,1727.22,cash,,SAR
2024-08-19,847.45,Marketing,EXP-20240819-00274,AdSpark,3SC-DTN,OVERHEAD,127.12,974.57,card,,SAR
2024-08-19,1297.29,Milk & Dairy,EXP-20240819-00275,DairyFresh,3SC-MAL,COGS,194.59,1491.88,card,,SAR
2024-08-19,3197.33,Maintenance,EXP-20240819-00276,ElectroWorks,3SC-MAL,OVERHEAD,479.6,3676.93,card,,SAR
2024-08-19,3251.76,Maintenance,EXP-20240819-00277,AC Masters,3SC-MAL,OVERHEAD,487.76,3739.52,card,,SAR
2024-08-19,934.17,Milk & Dairy,EXP-20240819-00278,DairyFresh,3SC-MAL,COGS,140.13,1074.3,card,,SAR
2024-08-19,3546.56,Utilities,EXP-20240819-00279,Saudi Electricity Co,3SC-MAL,OVERHEAD,531.98,4078.54,bank_transfer,,SAR
2024-08-26,1487.32,Packaging,EXP-20240826-00280,EcoWrap,3SC-DTN,COGS,223.1,1710.42,card,,SAR
2024-08-26,1215.92,Marketing,EXP-20240826-00281,SocialBoost,3SC-DTN,OVERHEAD,182.39,1398.31,bank_transfer,,SAR
2024-08-26,3004.55,Coffee Beans,EXP-20240826-00282,RoasterOne,3SC-DTN,COGS,450.68,3455.23,bank_transfer,,SAR
2024-08-26,469.43,Cleaning,EXP-20240826-00283,SparkleCare,3SC-MAL,OVERHEAD,70.41,539.84,bank_transfer,,SAR
2024-08-26,702.72,Marketing,EXP-20240826-00284,Billboard Media,3SC-MAL,OVERHEAD,105.41,808.13,card,,SAR
2024-08-26,1411.09,Milk & Dairy,EXP-20240826-00285,MilkMart,3SC-MAL,COGS,211.66,1622.75,card,,SAR
2024-08-26,1172.3,Marketing,EXP-20240826-00286,SocialBoost,3SC-MAL,OVERHEAD,175.84,1348.14,card,,SAR
2024-09-02,1201.27,Marketing,EXP-20240902-00287,AdSpark,3SC-DTN,OVERHEAD,180.19,1381.46,bank_transfer,,SAR
2024-09-02,966.03,Cleaning,EXP-20240902-00288,SparkleCare,3SC-DTN,OVERHEAD,144.9,1110.93,card,,SAR
2024-09-02,2497.55,Pastry Supplies,EXP-20240902-00289,Flour & Co,3SC-MAL,COGS,374.63,2872.18,card,,SAR
2024-09-02,2293.27,Utilities,EXP-20240902-00290,WaterWorks,3SC-MAL,OVERHEAD,343.99,2637.26,card,,SAR
2024-09-02,893.33,Cleaning,EXP-20240902-00291,CleanPro,3SC-MAL,OVERHEAD,134.0,1027.33,card,,SAR
2024-09-02,6928.73,Coffee Beans,EXP-20240902-00292,Arabica Traders,3SC-MAL,COGS,1039.31,7968.04,cash,,SAR
2024-09-09,1154.03,Cleaning,EXP-20240909-00293,CleanPro,3SC-DTN,OVERHEAD,173.1,1327.13,card,,SAR
2024-09-09,3324.64,Maintenance,EXP-20240909-00294,FixIt Services,3SC-DTN,OVERHEAD,498.7,3823.34,card,,SAR
2024-09-09,1899.8,Utilities,EXP-20240909-00295,WaterWorks,3SC-DTN,OVERHEAD,284.97,2184.77,bank_transfer,,SAR
2024-09-09,1431.96,Utilities,EXP-20240909-00296,TelecomNet,3SC-MAL,OVERHEAD,214.79,1646.75,bank_transfer,,SAR
2024-09-09,1775.03,Marketing,EXP-20240909-00297,SocialBoost,3SC-MAL,OVERHEAD,266.25,2041.28,bank_transfer,,SAR
2024-09-09,2128.87,Coffee Beans,EXP-20240909-00298,RoasterOne,3SC-MAL,COGS,319.33,2448.2,card,,SAR
2024-09-09,1271.67,Pastry Supplies,EXP-20240909-00299,Flour & Co,3SC-MAL,COGS,190.75,1462.42,cash,,SAR
2024-09-16,1796.34,Packaging,EXP-20240916-00300,EcoWrap,3SC-DTN,COGS,269.45,2065.79,card,,SAR
2024-09-16,323.59,Cleaning,EXP-20240916-00301,CleanPro,3SC-DTN,OVERHEAD,48.54,372.13,cash,,SAR
2024-09-16,6899.19,Coffee Beans,EXP-20240916-00302,Arabica Traders,3SC-DTN,COGS,1034.88,7934.07,cash,,SAR
2024-09-16,3272.51,Utilities,EXP-20240916-00303,TelecomNet,3SC-MAL,OVERHEAD,490.88,3763.39,cash,,SAR
2024-09-16,1711.6,Maintenance,EXP-20240916-00304,AC Masters,3SC-MAL,OVERHEAD,256.74,1968.34,cash,,SAR
2024-09-16,902.63,Marketing,EXP-20240916-00305,Billboard Media,3SC-MAL,OVERHEAD,135.39,1038.02,cash,,SAR
2024-09-23,2025.19,Pastry Supplies,EXP-20240923-00306,BakeSupply,3SC-DTN,COGS,303.78,2328.97,bank_transfer,,SAR
2024-09-23,838.47,Packaging,EXP-20240923-00307,PackRight,3SC-DTN,COGS,125.77,964.24,bank_transfer,,SAR
2024-09-23,3190.8,Coffee Beans,EXP-20240923-00308,RoasterOne,3SC-DTN,COGS,478.62,3669.42,bank_transfer,,SAR
2024-09-23,991.26,Maintenance,EXP-20240923-00309,AC Masters,3SC-DTN,OVERHEAD,148.69,1139.95,card,,SAR
2024-09-23,3230.27,Coffee Beans,EXP-20240923-00310,Arabica Traders,3SC-MAL,COGS,484.54,3714.81,cash,,SAR
2024-09-23,1482.15,Maintenance,EXP-20240923-00311,ElectroWorks,3SC-MAL,OVERHEAD,222.32,1704.47,cash,,SAR
2024-09-23,1713.86,Coffee Beans,EXP-20240923-00312,Arabica Traders,3SC-MAL,COGS,257.08,1970.94,card,,SAR
2024-09-23,2259.42,Marketing,EXP-20240923-00313,AdSpark,3SC-MAL,OVERHEAD,338.91,2598.33,card,,SAR
2024-09-30,1300.1,Maintenance,EXP-20240930-00314,FixIt Services,3SC-DTN,OVERHEAD,195.01,1495.11,card,,SAR
2024-09-30,2083.05,Marketing,EXP-20240930-00315,AdSpark,3SC-DTN,OVERHEAD,312.46,2395.51,card,,SAR
2024-09-30,1099.81,Milk & Dairy,EXP-20240930-00316,MilkMart,3SC-DTN,COGS,164.97,1264.78,cash,,SAR
2024-09-30,2500.31,Maintenance,EXP-20240930-00317,FixIt Services,3SC-DTN,OVERHEAD,375.05,2875.36,card,,SAR
2024-09-30,1467.05,Marketing,EXP-20240930-00318,AdSpark,3SC-DTN,OVERHEAD,220.06,1687.11,card,,SAR
2024-09-30,1938.21,Marketing,EXP-20240930-00319,AdSpark,3SC-MAL,OVERHEAD,290.73,2228.94,cash,,SAR
2024-09-30,1032.9,Cleaning,EXP-20240930-00320,SparkleCare,3SC-MAL,OVERHEAD,154.94,1187.84,bank_transfer,,SAR
2024-10-07,1908.49,Maintenance,EXP-20241007-00321,AC Masters,3SC-DTN,OVERHEAD,286.27,2194.76,bank_transfer,,SAR
2024-10-07,2238.71,Milk & Dairy,EXP-20241007-00322,MilkMart,3SC-DTN,COGS,335.81,2574.52,cash,,SAR
2024-10-07,323.83,Cleaning,EXP-20241007-00323,CleanPro,3SC-DTN,OVERHEAD,48.57,372.4,card,,SAR
2024-10-07,5989.76,Coffee Beans,EXP-20241007-00324,Arabica Traders,3SC-MAL,COGS,898.46,6888.22,bank_transfer,,SAR
2024-10-07,779.29,Cleaning,EXP-20241007-00325,SparkleCare,3SC-MAL,OVERHEAD,116.89,896.18,card,,SAR
2024-10-07,569.95,Cleaning,EXP-20241007-00326,CleanPro,3SC-MAL,OVERHEAD,85.49,655.44,cash,,SAR
2024-10-07,886.24,Cleaning,EXP-20241007-00327,CleanPro,3SC-MAL,OVERHEAD,132.94,1019.18,card,,SAR
2024-10-14,2556.39,Milk & Dairy,EXP-20241014-00328,DairyFresh,3SC-DTN,COGS,383.46,2939.85,cash,,SAR
2024-10-14,4238.8,Coffee Beans,EXP-20241014-00329,RoasterOne,3SC-DTN,COGS,635.82,4874.62,card,,SAR
2024-10-14,1082.07,Marketing,EXP-20241014-00330,Billboard Media,3SC-DTN,OVERHEAD,162.31,1244.38,bank_transfer,,SAR
2024-10-14,2500.42,Utilities,EXP-20241014-00331,Saudi Electricity Co,3SC-DTN,OVERHEAD,375.06,2875.48,cash,,SAR
2024-10-14,1112.45,Marketing,EXP-20241014-00332,Billboard Media,3SC-MAL,OVERHEAD,166.87,1279.32,cash,,SAR
2024-10-14,2430.76,Milk & Dairy,EXP-20241014-00333,MilkMart,3SC-MAL,COGS,364.61,2795.37,cash,,SAR
2024-10-14,6345.58,Coffee Beans,EXP-20241014-00334,BeanSupply,3SC-MAL,COGS,951.84,7297.42,card,,SAR
2024-10-21,2045.43,Utilities,EXP-20241021-00335,Saudi Electricity Co,3SC-DTN,OVERHEAD,306.81,2352.24,cash,,SAR
2024-10-21,815.91,Maintenance,EXP-20241021-00336,FixIt Services,3SC-DTN,OVERHEAD,122.39,938.3,cash,,SAR
2024-10-21,1471.26,Marketing,EXP-20241021-00337,AdSpark,3SC-DTN,OVERHEAD,220.69,1691.95,cash,,SAR
2024-10-21,1551.41,Packaging,EXP-20241021-00338,PackRight,3SC-MAL,COGS,232.71,1784.12,bank_transfer,,SAR
2024-10-21,1809.39,Milk & Dairy,EXP-20241021-00339,MilkMart,3SC-MAL,COGS,271.41,2080.8,cash,,SAR
2024-10-21,940.55,Cleaning,EXP-20241021-00340,SparkleCare,3SC-MAL,OVERHEAD,141.08,1081.63,bank_transfer,,SAR
2024-10-21,767.04,Cleaning,EXP-20241021-00341,CleanPro,3SC-MAL,OVERHEAD,115.06,882.1,cash,,SAR
2024-10-21,2024.55,Marketing,EXP-20241021-00342,AdSpark,3SC-MAL,OVERHEAD,303.68,2328.23,card,,SAR
2024-10-28,1254.95,Milk & Dairy,EXP-20241028-00343,MilkMart,3SC-DTN,COGS,188.24,1443.19,card,,SAR
2024-10-28,1863.58,Marketing,EXP-20241028-00344,Billboard Media,3SC-DTN,OVERHEAD,279.54,2143.12,cash,,SAR
2024-10-28,3406.81,Utilities,EXP-20241028-00345,TelecomNet,3SC-DTN,OVERHEAD,511.02,3917.83,card,,SAR
2024-10-28,435.75,Cleaning,EXP-20241028-00346,CleanPro,3SC-DTN,OVERHEAD,65.36,501.11,card,,SAR
2024-10-28,2744.33,Maintenance,EXP-20241028-00347,FixIt Services,3SC-DTN,OVERHEAD,411.65,3155.98,bank_transfer,,SAR
2024-10-28,956.95,Cleaning,EXP-20241028-00348,CleanPro,3SC-MAL,OVERHEAD,143.54,1100.49,cash,,SAR
2024-10-28,2431.52,Utilities,EXP-20241028-00349,WaterWorks,3SC-MAL,OVERHEAD,364.73,2796.25,cash,,SAR
2024-10-28,1308.57,Milk & Dairy,EXP-20241028-00350,DairyFresh,3SC-MAL,COGS,196.29,1504.86,card,,SAR
2024-10-28,797.93,Pastry Supplies,EXP-20241028-00351,BakeSupply,3SC-MAL,COGS,119.69,917.62,card,,SAR
2024-11-04,1109.99,Cleaning,EXP-20241104-00352,SparkleCare,3SC-DTN,OVERHEAD,166.5,1276.49,card,,SAR
2024-11-04,2105.07,Utilities,EXP-20241104-00353,WaterWorks,3SC-DTN,OVERHEAD,315.76,2420.83,bank_transfer,,SAR
2024-11-04,234.22,Cleaning,EXP-20241104-00354,CleanPro,3SC-MAL,OVERHEAD,35.13,269.35,cash,,SAR
2024-11-04,1863.66,Utilities,EXP-20241104-00355,Saudi Electricity Co,3SC-MAL,OVERHEAD,279.55,2143.21,cash,,SAR
2024-11-04,3485.55,Utilities,EXP-20241104-00356,WaterWorks,3SC-MAL,OVERHEAD,522.83,4008.38,card,,SAR
2024-11-04,5168.88,Coffee Beans,EXP-20241104-00357,BeanSupply,3SC-MAL,COGS,775.33,5944.21,bank_transfer,,SAR
2024-11-11,396.3,Marketing,EXP-20241111-00358,AdSpark,3SC-DTN,OVERHEAD,59.45,455.75,card,,SAR
2024-11-11,1270.91,Pastry Supplies,EXP-20241111-00359,BakeSupply,3SC-DTN,COGS,190.64,1461.55,cash,,SAR
2024-11-11,3407.1,Utilities,EXP-20241111-00360,WaterWorks,3SC-DTN,OVERHEAD,511.06,3918.16,cash,,SAR
2024-11-11,5133.74,Coffee Beans,EXP-20241111-00361,BeanSupply,3SC-DTN,COGS,770.06,5903.8,bank_transfer,,SAR
2024-11-11,1888.93,Marketing,EXP-20241111-00362,SocialBoost,3SC-MAL,OVERHEAD,283.34,2172.27,card,,SAR
2024-11-11,459.83,Cleaning,EXP-20241111-00363,SparkleCare,3SC-MAL,OVERHEAD,68.97,528.8,cash,,SAR
2024-11-11,3100.8,Utilities,EXP-20241111-00364,TelecomNet,3SC-MAL,OVERHEAD,465.12,3565.92,bank_transfer,,SAR
2024-11-18,6933.88,Coffee Beans,EXP-20241118-00365,BeanSupply,3SC-DTN,COGS,1040.08,7973.96,cash,,SAR
2024-11-18,5074.18,Coffee Beans,EXP-20241118-00366,BeanSupply,3SC-DTN,COGS,761.13,5835.31,card,,SAR
2024-11-18,1426.48,Pastry Supplies,EXP-20241118-00367,Flour & Co,3SC-DTN,COGS,213.97,1640.45,cash,,SAR
2024-11-18,2148.04,Utilities,EXP-20241118-00368,TelecomNet,3SC-DTN,OVERHEAD,322.21,2470.25,cash,,SAR
2024-11-18,2014.24,Milk & Dairy,EXP-20241118-00369,MilkMart,3SC-MAL,COGS,302.14,2316.38,card,,SAR
2024-11-18,709.29,Cleaning,EXP-20241118-00370,CleanPro,3SC-MAL,OVERHEAD,106.39,815.68,cash,,SAR
2024-11-25,496.98,Cleaning,EXP-20241125-00371,CleanPro,3SC-DTN,OVERHEAD,74.55,571.53,card,,SAR
2024-11-25,274.57,Cleaning,EXP-20241125-00372,SparkleCare,3SC-DTN,OVERHEAD,41.19,315.76,bank_transfer,,SAR
2024-11-25,2179.28,Pastry Supplies,EXP-20241125-00373,BakeSupply,3SC-DTN,COGS,326.89,2506.17,card,,SAR
2024-11-25,1962.31,Coffee Beans,EXP-20241125-00374,BeanSupply,3SC-DTN,COGS,294.35,2256.66,card,,SAR
2024-11-25,1406.18,Milk & Dairy,EXP-20241125-00375,DairyFresh,3SC-DTN,COGS,210.93,1617.11,card,,SAR
2024-11-25,3074.53,Maintenance,EXP-20241125-00376,AC Masters,3SC-MAL,OVERHEAD,461.18,3535.71,card,,SAR
2024-11-25,1090.87,Pastry Supplies,EXP-20241125-00377,Flour & Co,3SC-MAL,COGS,163.63,1254.5,cash,,SAR
2024-11-25,448.6,Cleaning,EXP-20241125-00378,SparkleCare,3SC-MAL,OVERHEAD,67.29,515.89,bank_transfer,,SAR
2024-11-25,2807.19,Maintenance,EXP-20241125-00379,ElectroWorks,3SC-MAL,OVERHEAD,421.08,3228.27,card,,SAR
2024-11-25,5498.79,Coffee Beans,EXP-20241125-00380,BeanSupply,3SC-MAL,COGS,824.82,6323.61,card,,SAR
2024-12-02,3386.34,Milk & Dairy,EXP-20241202-00381,DairyFresh,3SC-DTN,COGS,507.95,3894.29,bank_transfer,,SAR
2024-12-02,1573.82,Milk & Dairy,EXP-20241202-00382,MilkMart,3SC-DTN,COGS,236.07,1809.89,bank_transfer,,SAR
2024-12-02,2535.84,Pastry Supplies,EXP-20241202-00383,Flour & Co,3SC-DTN,COGS,380.38,2916.22,cash,,SAR
2024-12-02,1222.43,Utilities,EXP-20241202-00384,WaterWorks,3SC-DTN,OVERHEAD,183.36,1405.79,cash,,SAR
2024-12-02,1389.98,Marketing,EXP-20241202-00385,SocialBoost,3SC-DTN,OVERHEAD,208.5,1598.48,bank_transfer,,SAR
2024-12-02,533.96,Cleaning,EXP-20241202-00386,CleanPro,3SC-MAL,OVERHEAD,80.09,614.05,cash,,SAR
2024-12-02,1873.22,Marketing,EXP-20241202-00387,SocialBoost,3SC-MAL,OVERHEAD,280.98,2154.2,cash,,SAR
2024-12-02,2439.21,Utilities,EXP-20241202-00388,TelecomNet,3SC-MAL,OVERHEAD,365.88,2805.09,card,,SAR
2024-12-02,1501.22,Utilities,EXP-20241202-00389,TelecomNet,3SC-MAL,OVERHEAD,225.18,1726.4,card,,SAR
2024-12-09,2606.93,Milk & Dairy,EXP-20241209-00390,MilkMart,3SC-DTN,COGS,391.04,2997.97,card,,SAR
2024-12-09,673.15,Cleaning,EXP-20241209-00391,SparkleCare,3SC-DTN,OVERHEAD,100.97,774.12,cash,,SAR
2024-12-09,1443.34,Pastry Supplies,EXP-20241209-00392,Flour & Co,3SC-DTN,COGS,216.5,1659.84,card,,SAR
2024-12-09,1917.78,Milk & Dairy,EXP-20241209-00393,MilkMart,3SC-MAL,COGS,287.67,2205.45,cash,,SAR
2024-12-09,1160.87,Marketing,EXP-20241209-00394,AdSpark,3SC-MAL,OVERHEAD,174.13,1335.0,card,,SAR
2024-12-09,2688.67,Milk & Dairy,EXP-20241209-00395,DairyFresh,3SC-MAL,COGS,403.3,3091.97,card,,SAR
2024-12-16,2419.19,Marketing,EXP-20241216-00396,AdSpark,3SC-DTN,OVERHEAD,362.88,2782.07,cash,,SAR
2024-12-16,3033.17,Utilities,EXP-20241216-00397,WaterWorks,3SC-DTN,OVERHEAD,454.98,3488.15,card,,SAR
2024-12-16,1846.9,Pastry Supplies,EXP-20241216-00398,BakeSupply,3SC-DTN,COGS,277.04,2123.94,cash,,SAR
2024-12-16,1356.06,Milk & Dairy,EXP-20241216-00399,MilkMart,3SC-MAL,COGS,203.41,1559.47,bank_transfer,,SAR
2024-12-16,2110.6,Marketing,EXP-20241216-00400,Billboard Media,3SC-MAL,OVERHEAD,316.59,2427.19,bank_transfer,,SAR
2024-12-16,2015.9,Utilities,EXP-20241216-00401,TelecomNet,3SC-MAL,OVERHEAD,302.38,2318.28,card,,SAR
2024-12-23,503.26,Packaging,EXP-20241223-00402,EcoWrap,3SC-DTN,COGS,75.49,578.75,bank_transfer,,SAR
2024-12-23,1325.42,Utilities,EXP-20241223-00403,TelecomNet,3SC-DTN,OVERHEAD,198.81,1524.23,card,,SAR
2024-12-23,3012.49,Utilities,EXP-20241223-00404,WaterWorks,3SC-MAL,OVERHEAD,451.87,3464.36,card,,SAR
2024-12-23,1801.53,Milk & Dairy,EXP-20241223-00405,MilkMart,3SC-MAL,COGS,270.23,2071.76,cash,,SAR
2024-12-23,4081.47,Coffee Beans,EXP-20241223-00406,BeanSupply,3SC-MAL,COGS,612.22,4693.69,card,,SAR
2024-12-23,1295.28,Pastry Supplies,EXP-20241223-00407,Flour & Co,3SC-MAL,COGS,194.29,1489.57,card,,SAR
2024-12-30,963.24,Marketing,EXP-20241230-00408,Billboard Media,3SC-DTN,OVERHEAD,144.49,1107.73,bank_transfer,,SAR
2024-12-30,1923.12,Marketing,EXP-20241230-00409,SocialBoost,3SC-DTN,OVERHEAD,288.47,2211.59,bank_transfer,,SAR
2024-12-30,2677.29,Maintenance,EXP-20241230-00410,ElectroWorks,3SC-DTN,OVERHEAD,401.59,3078.88,bank_transfer,,SAR
2024-12-30,1570.31,Maintenance,EXP-20241230-00411,AC Masters,3SC-DTN,OVERHEAD,235.55,1805.86,card,,SAR
2024-12-30,1547.57,Maintenance,EXP-20241230-00412,FixIt Services,3SC-DTN,OVERHEAD,232.14,1779.71,bank_transfer,,SAR
2024-12-30,1939.09,Utilities,EXP-20241230-00413,Saudi Electricity Co,3SC-MAL,OVERHEAD,290.86,2229.95,bank_transfer,,SAR
2024-12-30,836.98,Maintenance,EXP-20241230-00414,FixIt Services,3SC-MAL,OVERHEAD,125.55,962.53,cash,,SAR
2024-12-30,2648.04,Milk & Dairy,EXP-20241230-00415,MilkMart,3SC-MAL,COGS,397.21,3045.25,card,,SAR
2025-01-06,334.57,Cleaning,EXP-20250106-00416,SparkleCare,3SC-DTN,OVERHEAD,50.19,384.76,card,,SAR
2025-01-06,758.4,Cleaning,EXP-20250106-00417,SparkleCare,3SC-DTN,OVERHEAD,113.76,872.16,bank_transfer,,SAR
2025-01-06,359.85,Cleaning,EXP-20250106-00418,SparkleCare,3SC-DTN,OVERHEAD,53.98,413.83,bank_transfer,,SAR
2025-01-06,1067.04,Packaging,EXP-20250106-00419,PackRight,3SC-DTN,COGS,160.06,1227.1,card,,SAR
2025-01-06,670.89,Packaging,EXP-20250106-00420,EcoWrap,3SC-MAL,COGS,100.63,771.52,bank_transfer,,SAR
2025-01-06,2591.95,Milk & Dairy,EXP-20250106-00421,MilkMart,3SC-MAL,COGS,388.79,2980.74,card,,SAR
2025-01-06,843.93,Cleaning,EXP-20250106-00422,SparkleCare,3SC-MAL,OVERHEAD,126.59,970.52,card,,SAR
2025-01-06,2888.1,Maintenance,EXP-20250106-00423,FixIt Services,3SC-MAL,OVERHEAD,433.21,3321.31,card,,SAR
2025-01-06,1208.12,Utilities,EXP-20250106-00424,Saudi Electricity Co,3SC-MAL,OVERHEAD,181.22,1389.34,card,,SAR
2025-01-13,947.79,Milk & Dairy,EXP-20250113-00425,DairyFresh,3SC-DTN,COGS,142.17,1089.96,cash,,SAR
2025-01-13,1552.8,Packaging,EXP-20250113-00426,EcoWrap,3SC-DTN,COGS,232.92,1785.72,bank_transfer,,SAR
2025-01-13,720.75,Maintenance,EXP-20250113-00427,FixIt Services,3SC-DTN,OVERHEAD,108.11,828.86,bank_transfer,,SAR
2025-01-13,1154.82,Cleaning,EXP-20250113-00428,CleanPro,3SC-MAL,OVERHEAD,173.22,1328.04,card,,SAR
2025-01-13,1505.68,Utilities,EXP-20250113-00429,WaterWorks,3SC-MAL,OVERHEAD,225.85,1731.53,cash,,SAR
2025-01-20,1582.46,Milk & Dairy,EXP-20250120-00430,MilkMart,3SC-DTN,COGS,237.37,1819.83,bank_transfer,,SAR
2025-01-20,1581.96,Milk & Dairy,EXP-20250120-00431,DairyFresh,3SC-DTN,COGS,237.29,1819.25,cash,,SAR
2025-01-20,1726.41,Pastry Supplies,EXP-20250120-00432,Flour & Co,3SC-DTN,COGS,258.96,1985.37,bank_transfer,,SAR
2025-01-20,3210.34,Utilities,EXP-20250120-00433,TelecomNet,3SC-DTN,OVERHEAD,481.55,3691.89,card,,SAR
2025-01-20,464.9,Maintenance,EXP-20250120-00434,AC Masters,3SC-MAL,OVERHEAD,69.73,534.63,bank_transfer,,SAR
2025-01-20,3731.57,Utilities,EXP-20250120-00435,TelecomNet,3SC-MAL,OVERHEAD,559.74,4291.31,cash,,SAR
2025-01-27,1177.8,Cleaning,EXP-20250127-00436,SparkleCare,3SC-DTN,OVERHEAD,176.67,1354.47,card,,SAR
2025-01-27,400.52,Marketing,EXP-20250127-00437,AdSpark,3SC-DTN,OVERHEAD,60.08,460.6,bank_transfer,,SAR
2025-01-27,888.32,Packaging,EXP-20250127-00438,PackRight,3SC-DTN,COGS,133.25,1021.57,cash,,SAR
2025-01-27,2070.87,Marketing,EXP-20250127-00439,SocialBoost,3SC-DTN,OVERHEAD,310.63,2381.5,card,,SAR
2025-01-27,2549.02,Milk & Dairy,EXP-20250127-00440,MilkMart,3SC-DTN,COGS,382.35,2931.37,cash,,SAR
2025-01-27,930.15,Maintenance,EXP-20250127-00441,ElectroWorks,3SC-MAL,OVERHEAD,139.52,1069.67,cash,,SAR
2025-01-27,577.43,Marketing,EXP-20250127-00442,AdSpark,3SC-MAL,OVERHEAD,86.61,664.04,bank_transfer,,SAR
2025-01-27,1506.94,Marketing,EXP-20250127-00443,SocialBoost,3SC-MAL,OVERHEAD,226.04,1732.98,card,,SAR
2025-02-03,999.02,Packaging,EXP-20250203-00444,EcoWrap,3SC-DTN,COGS,149.85,1148.87,cash,,SAR
2025-02-03,1557.37,Packaging,EXP-20250203-00445,EcoWrap,3SC-DTN,COGS,233.61,1790.98,cash,,SAR
2025-02-03,2444.56,Coffee Beans,EXP-20250203-00446,Arabica Traders,3SC-DTN,COGS,366.68,2811.24,cash,,SAR
2025-02-03,2308.72,Pastry Supplies,EXP-20250203-00447,BakeSupply,3SC-MAL,COGS,346.31,2655.03,bank_transfer,,SAR
2025-02-03,1598.48,Coffee Beans,EXP-20250203-00448,RoasterOne,3SC-MAL,COGS,239.77,1838.25,card,,SAR
2025-02-10,2256.65,Utilities,EXP-20250210-00449,TelecomNet,3SC-DTN,OVERHEAD,338.5,2595.15,cash,,SAR
2025-02-10,3358.25,Coffee Beans,EXP-20250210-00450,RoasterOne,3SC-DTN,COGS,503.74,3861.99,bank_transfer,,SAR
2025-02-10,2583.91,Maintenance,EXP-20250210-00451,FixIt Services,3SC-MAL,OVERHEAD,387.59,2971.5,bank_transfer,,SAR
2025-02-10,2370.8,Milk & Dairy,EXP-20250210-00452,MilkMart,3SC-MAL,COGS,355.62,2726.42,cash,,SAR
2025-02-17,2598.98,Maintenance,EXP-20250217-00453,FixIt Services,3SC-DTN,OVERHEAD,389.85,2988.83,bank_transfer,,SAR
2025-02-17,690.59,Pastry Supplies,EXP-20250217-00454,BakeSupply,3SC-DTN,COGS,103.59,794.18,cash,,SAR
2025-02-17,5095.73,Coffee Beans,EXP-20250217-00455,BeanSupply,3SC-DTN,COGS,764.36,5860.09,bank_transfer,,SAR
2025-02-17,1463.53,Utilities,EXP-20250217-00456,TelecomNet,3SC-DTN,OVERHEAD,219.53,1683.06,bank_transfer,,SAR
2025-02-17,1765.95,Milk & Dairy,EXP-20250217-00457,DairyFresh,3SC-DTN,COGS,264.89,2030.84,bank_transfer,,SAR
2025-02-17,3465.74,Utilities,EXP-20250217-00458,WaterWorks,3SC-MAL,OVERHEAD,519.86,3985.6,bank_transfer,,SAR
2025-02-17,1203.85,Milk & Dairy,EXP-20250217-00459,DairyFresh,3SC-MAL,COGS,180.58,1384.43,card,,SAR
2025-02-17,1235.72,Utilities,EXP-20250217-00460,Saudi Electricity Co,3SC-MAL,OVERHEAD,185.36,1421.08,card,,SAR
2025-02-17,3129.13,Utilities,EXP-20250217-00461,Saudi Electricity Co,3SC-MAL,OVERHEAD,469.37,3598.5,cash,,SAR
2025-02-24,521.31,Packaging,EXP-20250224-00462,PackRight,3SC-DTN,COGS,78.2,599.51,bank_transfer,,SAR
2025-02-24,975.14,Packaging,EXP-20250224-00463,EcoWrap,3SC-DTN,COGS,146.27,1121.41,bank_transfer,,SAR
2025-02-24,1587.94,Packaging,EXP-20250224-00464,PackRight,3SC-MAL,COGS,238.19,1826.13,card,,SAR
2025-02-24,2017.64,Pastry Supplies,EXP-20250224-00465,Flour & Co,3SC-MAL,COGS,302.65,2320.29,card,,SAR
2025-02-24,819.42,Cleaning,EXP-20250224-00466,CleanPro,3SC-MAL,OVERHEAD,122.91,942.33,cash,,SAR
2025-02-24,3419.98,Milk & Dairy,EXP-20250224-00467,DairyFresh,3SC-MAL,COGS,513.0,3932.98,card,,SAR
2025-02-24,2070.14,Maintenance,EXP-20250224-00468,FixIt Services,3SC-MAL,OVERHEAD,310.52,2380.66,bank_transfer,,SAR
2025-03-03,2064.73,Pastry Supplies,EXP-20250303-00469,Flour & Co,3SC-DTN,COGS,309.71,2374.44,card,,SAR
2025-03-03,657.42,Packaging,EXP-20250303-00470,PackRight,3SC-DTN,COGS,98.61,756.03,card,,SAR
2025-03-03,2265.71,Milk & Dairy,EXP-20250303-00471,DairyFresh,3SC-MAL,COGS,339.86,2605.57,card,,SAR
2025-03-03,3137.27,Milk & Dairy,EXP-20250303-00472,MilkMart,3SC-MAL,COGS,470.59,3607.86,card,,SAR
2025-03-03,584.79,Cleaning,EXP-20250303-00473,CleanPro,3SC-MAL,OVERHEAD,87.72,672.51,cash,,SAR
2025-03-03,1087.98,Cleaning,EXP-20250303-00474,SparkleCare,3SC-MAL,OVERHEAD,163.2,1251.18,cash,,SAR
2025-03-03,495.72,Cleaning,EXP-20250303-00475,SparkleCare,3SC-MAL,OVERHEAD,74.36,570.08,cash,,SAR
2025-03-10,683.94,Marketing,EXP-20250310-00476,Billboard Media,3SC-DTN,OVERHEAD,102.59,786.53,card,,SAR
2025-03-10,930.88,Packaging,EXP-20250310-00477,EcoWrap,3SC-DTN,COGS,139.63,1070.51,bank_transfer,,SAR
2025-03-10,1280.73,Maintenance,EXP-20250310-00478,AC Masters,3SC-DTN,OVERHEAD,192.11,1472.84,bank_transfer,,SAR
2025-03-10,339.8,Packaging,EXP-20250310-00479,PackRight,3SC-DTN,COGS,50.97,390.77,card,,SAR
2025-03-10,3915.09,Milk & Dairy,EXP-20250310-00480,DairyFresh,3SC-MAL,COGS,587.26,4502.35,card,,SAR
2025-03-10,1142.79,Packaging,EXP-20250310-00481,EcoWrap,3SC-MAL,COGS,171.42,1314.21,cash,,SAR
2025-03-17,1341.63,Utilities,EXP-20250317-00482,TelecomNet,3SC-DTN,OVERHEAD,201.24,1542.87,cash,,SAR
2025-03-17,1232.19,Utilities,EXP-20250317-00483,WaterWorks,3SC-DTN,OVERHEAD,184.83,1417.02,cash,,SAR
2025-03-17,1559.04,Marketing,EXP-20250317-00484,SocialBoost,3SC-MAL,OVERHEAD,233.86,1792.9,card,,SAR
2025-03-17,2037.79,Milk & Dairy,EXP-20250317-00485,MilkMart,3SC-MAL,COGS,305.67,2343.46,cash,,SAR
2025-03-17,268.4,Cleaning,EXP-20250317-00486,SparkleCare,3SC-MAL,OVERHEAD,40.26,308.66,cash,,SAR
2025-03-17,3509.97,Utilities,EXP-20250317-00487,Saudi Electricity Co,3SC-MAL,OVERHEAD,526.5,4036.47,bank_transfer,,SAR
2025-03-24,324.19,Cleaning,EXP-20250324-00488,CleanPro,3SC-DTN,OVERHEAD,48.63,372.82,cash,,SAR
2025-03-24,1562.95,Utilities,EXP-20250324-00489,Saudi Electricity Co,3SC-DTN,OVERHEAD,234.44,1797.39,cash,,SAR
2025-03-24,1825.2,Utilities,EXP-20250324-00490,TelecomNet,3SC-DTN,OVERHEAD,273.78,2098.98,card,,SAR
2025-03-24,1195.96,Cleaning,EXP-20250324-00491,SparkleCare,3SC-DTN,OVERHEAD,179.39,1375.35,cash,,SAR
2025-03-24,1502.86,Packaging,EXP-20250324-00492,EcoWrap,3SC-MAL,COGS,225.43,1728.29,cash,,SAR
2025-03-24,546.29,Marketing,EXP-20250324-00493,SocialBoost,3SC-MAL,OVERHEAD,81.94,628.23,card,,SAR
2025-03-31,643.94,Marketing,EXP-20250331-00494,SocialBoost,3SC-DTN,OVERHEAD,96.59,740.53,card,,SAR
2025-03-31,489.74,Packaging,EXP-20250331-00495,EcoWrap,3SC-DTN,COGS,73.46,563.2,cash,,SAR
2025-03-31,2850.36,Coffee Beans,EXP-20250331-00496,BeanSupply,3SC-DTN,COGS,427.55,3277.91,card,,SAR
2025-03-31,828.88,Maintenance,EXP-20250331-00497,FixIt Services,3SC-DTN,OVERHEAD,124.33,953.21,bank_transfer,,SAR
2025-03-31,585.59,Packaging,EXP-20250331-00498,EcoWrap,3SC-MAL,COGS,87.84,673.43,card,,SAR
2025-03-31,3435.54,Maintenance,EXP-20250331-00499,AC Masters,3SC-MAL,OVERHEAD,515.33,3950.87,cash,,SAR
2025-03-31,1504.91,Milk & Dairy,EXP-20250331-00500,DairyFresh,3SC-MAL,COGS,225.74,1730.65,cash,,SAR
2025-04-07,401.39,Marketing,EXP-20250407-00501,AdSpark,3SC-DTN,OVERHEAD,60.21,461.6,bank_transfer,,SAR
2025-04-07,1138.1,Cleaning,EXP-20250407-00502,CleanPro,3SC-DTN,OVERHEAD,170.71,1308.81,card,,SAR
2025-04-07,315.26,Cleaning,EXP-20250407-00503,SparkleCare,3SC-DTN,OVERHEAD,47.29,362.55,bank_transfer,,SAR
2025-04-07,2218.67,Marketing,EXP-20250407-00504,Billboard Media,3SC-DTN,OVERHEAD,332.8,2551.47,bank_transfer,,SAR
2025-04-07,3595.05,Utilities,EXP-20250407-00505,WaterWorks,3SC-DTN,OVERHEAD,539.26,4134.31,cash,,SAR
2025-04-07,2621.07,Utilities,EXP-20250407-00506,Saudi Electricity Co,3SC-MAL,OVERHEAD,393.16,3014.23,bank_transfer,,SAR
2025-04-07,2881.38,Maintenance,EXP-20250407-00507,AC Masters,3SC-MAL,OVERHEAD,432.21,3313.59,card,,SAR
2025-04-07,1121.97,Packaging,EXP-20250407-00508,PackRight,3SC-MAL,COGS,168.3,1290.27,bank_transfer,,SAR
2025-04-07,767.47,Packaging,EXP-20250407-00509,PackRight,3SC-MAL,COGS,115.12,882.59,card,,SAR
2025-04-07,1547.6,Pastry Supplies,EXP-20250407-00510,BakeSupply,3SC-MAL,COGS,232.14,1779.74,cash,,SAR
2025-04-14,1433.69,Packaging,EXP-20250414-00511,EcoWrap,3SC-DTN,COGS,215.05,1648.74,cash,,SAR
2025-04-14,2225.85,Pastry Supplies,EXP-20250414-00512,Flour & Co,3SC-DTN,COGS,333.88,2559.73,bank_transfer,,SAR
2025-04-14,1561.71,Packaging,EXP-20250414-00513,EcoWrap,3SC-MAL,COGS,234.26,1795.97,bank_transfer,,SAR
2025-04-14,3528.97,Utilities,EXP-20250414-00514,Saudi Electricity Co,3SC-MAL,OVERHEAD,529.35,4058.32,bank_transfer,,SAR
2025-04-14,3903.97,Milk & Dairy,EXP-20250414-00515,MilkMart,3SC-MAL,COGS,585.6,4489.57,cash,,SAR
2025-04-14,2640.21,Maintenance,EXP-20250414-00516,FixIt Services,3SC-MAL,OVERHEAD,396.03,3036.24,bank_transfer,,SAR
2025-04-21,2860.32,Milk & Dairy,EXP-20250421-00517,MilkMart,3SC-DTN,COGS,429.05,3289.37,card,,SAR
2025-04-21,2222.94,Maintenance,EXP-20250421-00518,FixIt Services,3SC-DTN,OVERHEAD,333.44,2556.38,card,,SAR
2025-04-21,3444.33,Coffee Beans,EXP-20250421-00519,Arabica Traders,3SC-MAL,COGS,516.65,3960.98,card,,SAR
2025-04-21,764.26,Marketing,EXP-20250421-00520,SocialBoost,3SC-MAL,OVERHEAD,114.64,878.9,card,,SAR
2025-04-21,229.38,Cleaning,EXP-20250421-00521,SparkleCare,3SC-MAL,OVERHEAD,34.41,263.79,cash,,SAR
2025-04-21,6466.93,Coffee Beans,EXP-20250421-00522,Arabica Traders,3SC-MAL,COGS,970.04,7436.97,bank_transfer,,SAR
2025-04-28,2072.85,Utilities,EXP-20250428-00523,TelecomNet,3SC-DTN,OVERHEAD,310.93,2383.78,cash,,SAR
2025-04-28,2300.57,Utilities,EXP-20250428-00524,WaterWorks,3SC-DTN,OVERHEAD,345.09,2645.66,cash,,SAR
2025-04-28,695.92,Pastry Supplies,EXP-20250428-00525,Flour & Co,3SC-MAL,COGS,104.39,800.31,cash,,SAR
2025-04-28,3698.92,Utilities,EXP-20250428-00526,TelecomNet,3SC-MAL,OVERHEAD,554.84,4253.76,cash,,SAR
2025-04-28,575.46,Marketing,EXP-20250428-00527,SocialBoost,3SC-MAL,OVERHEAD,86.32,661.78,bank_transfer,,SAR
2025-04-28,1369.16,Packaging,EXP-20250428-00528,EcoWrap,3SC-MAL,COGS,205.37,1574.53,card,,SAR
2025-05-05,1106.66,Packaging,EXP-20250505-00529,EcoWrap,3SC-DTN,COGS,166.0,1272.66,bank_transfer,,SAR
2025-05-05,2826.32,Utilities,EXP-20250505-00530,TelecomNet,3SC-DTN,OVERHEAD,423.95,3250.27,card,,SAR
2025-05-05,626.35,Cleaning,EXP-20250505-00531,SparkleCare,3SC-DTN,OVERHEAD,93.95,720.3,cash,,SAR
2025-05-05,1672.58,Pastry Supplies,EXP-20250505-00532,BakeSupply,3SC-MAL,COGS,250.89,1923.47,bank_transfer,,SAR
2025-05-05,1575.45,Milk & Dairy,EXP-20250505-00533,MilkMart,3SC-MAL,COGS,236.32,1811.77,card,,SAR
2025-05-12,374.05,Packaging,EXP-20250512-00534,PackRight,3SC-DTN,COGS,56.11,430.16,bank_transfer,,SAR
2025-05-12,5423.99,Coffee Beans,EXP-20250512-00535,RoasterOne,3SC-DTN,COGS,813.6,6237.59,bank_transfer,,SAR
2025-05-12,1189.62,Cleaning,EXP-20250512-00536,CleanPro,3SC-DTN,OVERHEAD,178.44,1368.06,cash,,SAR
2025-05-12,1579.55,Coffee Beans,EXP-20250512-00537,RoasterOne,3SC-MAL,COGS,236.93,1816.48,bank_transfer,,SAR
2025-05-12,2247.29,Marketing,EXP-20250512-00538,Billboard Media,3SC-MAL,OVERHEAD,337.09,2584.38,cash,,SAR
2025-05-12,834.22,Marketing,EXP-20250512-00539,Billboard Media,3SC-MAL,OVERHEAD,125.13,959.35,cash,,SAR
2025-05-19,2713.0,Coffee Beans,EXP-20250519-00540,Arabica Traders,3SC-DTN,COGS,406.95,3119.95,bank_transfer,,SAR
2025-05-19,2579.41,Milk & Dairy,EXP-20250519-00541,DairyFresh,3SC-DTN,COGS,386.91,2966.32,bank_transfer,,SAR
2025-05-19,2299.37,Milk & Dairy,EXP-20250519-00542,MilkMart,3SC-MAL,COGS,344.91,2644.28,bank_transfer,,SAR
2025-05-19,3885.14,Milk & Dairy,EXP-20250519-00543,MilkMart,3SC-MAL,COGS,582.77,4467.91,card,,SAR
2025-05-19,4100.87,Coffee Beans,EXP-20250519-00544,Arabica Traders,3SC-MAL,COGS,615.13,4716.0,card,,SAR
2025-05-19,476.83,Cleaning,EXP-20250519-00545,CleanPro,3SC-MAL,OVERHEAD,71.52,548.35,card,,SAR
2025-05-26,686.4,Cleaning,EXP-20250526-00546,CleanPro,3SC-DTN,OVERHEAD,102.96,789.36,cash,,SAR
2025-05-26,1699.17,Packaging,EXP-20250526-00547,PackRight,3SC-DTN,COGS,254.88,1954.05,card,,SAR
2025-05-26,3695.77,Coffee Beans,EXP-20250526-00548,RoasterOne,3SC-MAL,COGS,554.37,4250.14,bank_transfer,,SAR
2025-05-26,342.35,Cleaning,EXP-20250526-00549,CleanPro,3SC-MAL,OVERHEAD,51.35,393.7,cash,,SAR
2025-05-26,2385.71,Pastry Supplies,EXP-20250526-00550,BakeSupply,3SC-MAL,COGS,357.86,2743.57,card,,SAR
2025-06-02,3082.32,Maintenance,EXP-20250602-00551,AC Masters,3SC-DTN,OVERHEAD,462.35,3544.67,cash,,SAR
2025-06-02,947.48,Cleaning,EXP-20250602-00552,CleanPro,3SC-DTN,OVERHEAD,142.12,1089.6,cash,,SAR
2025-06-02,4080.76,Milk & Dairy,EXP-20250602-00553,DairyFresh,3SC-DTN,COGS,612.11,4692.87,bank_transfer,,SAR
2025-06-02,2244.05,Utilities,EXP-20250602-00554,WaterWorks,3SC-DTN,OVERHEAD,336.61,2580.66,card,,SAR
2025-06-02,977.85,Maintenance,EXP-20250602-00555,FixIt Services,3SC-MAL,OVERHEAD,146.68,1124.53,bank_transfer,,SAR
2025-06-02,1795.85,Packaging,EXP-20250602-00556,EcoWrap,3SC-MAL,COGS,269.38,2065.23,bank_transfer,,SAR
2025-06-02,1097.16,Packaging,EXP-20250602-00557,PackRight,3SC-MAL,COGS,164.57,1261.73,cash,,SAR
2025-06-09,431.84,Cleaning,EXP-20250609-00558,CleanPro,3SC-DTN,OVERHEAD,64.78,496.62,card,,SAR
2025-06-09,2111.52,Marketing,EXP-20250609-00559,AdSpark,3SC-DTN,OVERHEAD,316.73,2428.25,cash,,SAR
2025-06-09,1120.45,Cleaning,EXP-20250609-00560,CleanPro,3SC-DTN,OVERHEAD,168.07,1288.52,bank_transfer,,SAR
2025-06-09,1354.32,Packaging,EXP-20250609-00561,EcoWrap,3SC-DTN,COGS,203.15,1557.47,card,,SAR
2025-06-09,2040.81,Milk & Dairy,EXP-20250609-00562,MilkMart,3SC-MAL,COGS,306.12,2346.93,cash,,SAR
2025-06-09,2427.37,Maintenance,EXP-20250609-00563,ElectroWorks,3SC-MAL,OVERHEAD,364.11,2791.48,cash,,SAR
2025-06-09,614.3,Maintenance,EXP-20250609-00564,AC Masters,3SC-MAL,OVERHEAD,92.14,706.44,bank_transfer,,SAR
2025-06-16,1230.02,Utilities,EXP-20250616-00565,TelecomNet,3SC-DTN,OVERHEAD,184.5,1414.52,card,,SAR
2025-06-16,2024.9,Maintenance,EXP-20250616-00566,AC Masters,3SC-DTN,OVERHEAD,303.74,2328.64,bank_transfer,,SAR
2025-06-16,2143.93,Coffee Beans,EXP-20250616-00567,RoasterOne,3SC-DTN,COGS,321.59,2465.52,card,,SAR
2025-06-16,6795.21,Coffee Beans,EXP-20250616-00568,BeanSupply,3SC-MAL,COGS,1019.28,7814.49,bank_transfer,,SAR
2025-06-16,1017.58,Milk & Dairy,EXP-20250616-00569,MilkMart,3SC-MAL,COGS,152.64,1170.22,card,,SAR
2025-06-16,4083.0,Milk & Dairy,EXP-20250616-00570,DairyFresh,3SC-MAL,COGS,612.45,4695.45,cash,,SAR
2025-06-16,6538.09,Coffee Beans,EXP-20250616-00571,RoasterOne,3SC-MAL,COGS,980.71,7518.8,card,,SAR
2025-06-23,2742.23,Utilities,EXP-20250623-00572,TelecomNet,3SC-DTN,OVERHEAD,411.33,3153.56,card,,SAR
2025-06-23,3105.63,Utilities,EXP-20250623-00573,WaterWorks,3SC-DTN,OVERHEAD,465.84,3571.47,cash,,SAR
2025-06-23,1032.87,Cleaning,EXP-20250623-00574,SparkleCare,3SC-DTN,OVERHEAD,154.93,1187.8,bank_transfer,,SAR
2025-06-23,1549.27,Packaging,EXP-20250623-00575,EcoWrap,3SC-DTN,COGS,232.39,1781.66,cash,,SAR
2025-06-23,1513.56,Pastry Supplies,EXP-20250623-00576,BakeSupply,3SC-MAL,COGS,227.03,1740.59,bank_transfer,,SAR
2025-06-23,1366.21,Marketing,EXP-20250623-00577,SocialBoost,3SC-MAL,OVERHEAD,204.93,1571.14,bank_transfer,,SAR
2025-06-23,3338.23,Milk & Dairy,EXP-20250623-00578,DairyFresh,3SC-MAL,COGS,500.73,3838.96,card,,SAR
2025-06-23,1995.13,Marketing,EXP-20250623-00579,AdSpark,3SC-MAL,OVERHEAD,299.27,2294.4,cash,,SAR
2025-06-23,3878.5,Coffee Beans,EXP-20250623-00580,RoasterOne,3SC-MAL,COGS,581.77,4460.27,card,,SAR
2025-06-30,2135.92,Utilities,EXP-20250630-00581,TelecomNet,3SC-DTN,OVERHEAD,320.39,2456.31,card,,SAR
2025-06-30,1696.93,Pastry Supplies,EXP-20250630-00582,Flour & Co,3SC-DTN,COGS,254.54,1951.47,card,,SAR
2025-06-30,2983.26,Maintenance,EXP-20250630-00583,AC Masters,3SC-DTN,OVERHEAD,447.49,3430.75,bank_transfer,,SAR
2025-06-30,518.84,Marketing,EXP-20250630-00584,SocialBoost,3SC-MAL,OVERHEAD,77.83,596.67,card,,SAR
2025-06-30,2200.5,Marketing,EXP-20250630-00585,AdSpark,3SC-MAL,OVERHEAD,330.07,2530.57,cash,,SAR
2025-06-30,1980.58,Milk & Dairy,EXP-20250630-00586,MilkMart,3SC-MAL,COGS,297.09,2277.67,bank_transfer,,SAR
2025-06-30,2340.65,Utilities,EXP-20250630-00587,TelecomNet,3SC-MAL,OVERHEAD,351.1,2691.75,bank_transfer,,SAR
2025-07-07,1031.47,Marketing,EXP-20250707-00588,Billboard Media,3SC-DTN,OVERHEAD,154.72,1186.19,bank_transfer,,SAR
2025-07-07,3597.37,Utilities,EXP-20250707-00589,TelecomNet,3SC-DTN,OVERHEAD,539.61,4136.98,bank_transfer,,SAR
2025-07-07,3787.63,Coffee Beans,EXP-20250707-00590,RoasterOne,3SC-DTN,COGS,568.14,4355.77,cash,,SAR
2025-07-07,1989.22,Milk & Dairy,EXP-20250707-00591,MilkMart,3SC-DTN,COGS,298.38,2287.6,bank_transfer,,SAR
2025-07-07,3790.49,Utilities,EXP-20250707-00592,WaterWorks,3SC-DTN,OVERHEAD,568.57,4359.06,card,,SAR
2025-07-07,2046.33,Coffee Beans,EXP-20250707-00593,BeanSupply,3SC-MAL,COGS,306.95,2353.28,bank_transfer,,SAR
2025-07-07,3493.3,Utilities,EXP-20250707-00594,TelecomNet,3SC-MAL,OVERHEAD,524.0,4017.3,cash,,SAR
2025-07-07,3116.54,Utilities,EXP-20250707-00595,WaterWorks,3SC-MAL,OVERHEAD,467.48,3584.02,bank_transfer,,SAR
2025-07-07,1346.9,Pastry Supplies,EXP-20250707-00596,BakeSupply,3SC-MAL,COGS,202.03,1548.93,bank_transfer,,SAR
2025-07-14,1537.43,Pastry Supplies,EXP-20250714-00597,BakeSupply,3SC-DTN,COGS,230.61,1768.04,card,,SAR
2025-07-14,2131.5,Milk & Dairy,EXP-20250714-00598,MilkMart,3SC-DTN,COGS,319.72,2451.22,bank_transfer,,SAR
2025-07-14,1055.79,Pastry Supplies,EXP-20250714-00599,Flour & Co,3SC-DTN,COGS,158.37,1214.16,card,,SAR
2025-07-14,1299.0,Maintenance,EXP-20250714-00600,AC Masters,3SC-DTN,OVERHEAD,194.85,1493.85,bank_transfer,,SAR
2025-07-14,534.84,Packaging,EXP-20250714-00601,EcoWrap,3SC-DTN,COGS,80.23,615.07,bank_transfer,,SAR
2025-07-14,4505.3,Coffee Beans,EXP-20250714-00602,Arabica Traders,3SC-MAL,COGS,675.79,5181.09,card,,SAR
2025-07-14,7271.59,Coffee Beans,EXP-20250714-00603,BeanSupply,3SC-MAL,COGS,1090.74,8362.33,bank_transfer,,SAR
2025-07-14,887.71,Cleaning,EXP-20250714-00604,CleanPro,3SC-MAL,OVERHEAD,133.16,1020.87,card,,SAR
2025-07-21,7345.59,Coffee Beans,EXP-20250721-00605,RoasterOne,3SC-DTN,COGS,1101.84,8447.43,bank_transfer,,SAR
2025-07-21,477.78,Packaging,EXP-20250721-00606,PackRight,3SC-DTN,COGS,71.67,549.45,card,,SAR
2025-07-21,1481.37,Pastry Supplies,EXP-20250721-00607,BakeSupply,3SC-DTN,COGS,222.21,1703.58,card,,SAR
2025-07-21,698.38,Pastry Supplies,EXP-20250721-00608,BakeSupply,3SC-DTN,COGS,104.76,803.14,card,,SAR
2025-07-21,595.59,Marketing,EXP-20250721-00609,Billboard Media,3SC-DTN,OVERHEAD,89.34,684.93,cash,,SAR
2025-07-21,2949.35,Utilities,EXP-20250721-00610,WaterWorks,3SC-MAL,OVERHEAD,442.4,3391.75,card,,SAR
2025-07-21,2531.98,Maintenance,EXP-20250721-00611,AC Masters,3SC-MAL,OVERHEAD,379.8,2911.78,bank_transfer,,SAR
2025-07-21,882.64,Packaging,EXP-20250721-00612,PackRight,3SC-MAL,COGS,132.4,1015.04,card,,SAR
2025-07-21,273.1,Cleaning,EXP-20250721-00613,SparkleCare,3SC-MAL,OVERHEAD,40.97,314.07,card,,SAR
2025-07-21,1905.3,Pastry Supplies,EXP-20250721-00614,Flour & Co,3SC-MAL,COGS,285.79,2191.09,card,,SAR
2025-07-28,2505.55,Utilities,EXP-20250728-00615,Saudi Electricity Co,3SC-DTN,OVERHEAD,375.83,2881.38,bank_transfer,,SAR
2025-07-28,1078.47,Cleaning,EXP-20250728-00616,CleanPro,3SC-DTN,OVERHEAD,161.77,1240.24,card,,SAR
2025-07-28,1242.97,Marketing,EXP-20250728-00617,Billboard Media,3SC-DTN,OVERHEAD,186.45,1429.42,card,,SAR
2025-07-28,2098.35,Utilities,EXP-20250728-00618,TelecomNet,3SC-MAL,OVERHEAD,314.75,2413.1,bank_transfer,,SAR
2025-07-28,1167.38,Pastry Supplies,EXP-20250728-00619,BakeSupply,3SC-MAL,COGS,175.11,1342.49,cash,,SAR
2025-07-28,4143.42,Milk & Dairy,EXP-20250728-00620,MilkMart,3SC-MAL,COGS,621.51,4764.93,bank_transfer,,SAR
2025-07-28,354.54,Cleaning,EXP-20250728-00621,CleanPro,3SC-MAL,OVERHEAD,53.18,407.72,bank_transfer,,SAR
2025-08-04,1917.51,Utilities,EXP-20250804-00622,TelecomNet,3SC-DTN,OVERHEAD,287.63,2205.14,cash,,SAR
2025-08-04,939.96,Marketing,EXP-20250804-00623,SocialBoost,3SC-DTN,OVERHEAD,140.99,1080.95,card,,SAR
2025-08-04,2191.68,Marketing,EXP-20250804-00624,AdSpark,3SC-DTN,OVERHEAD,328.75,2520.43,card,,SAR
2025-08-04,1744.5,Coffee Beans,EXP-20250804-00625,RoasterOne,3SC-DTN,COGS,261.68,2006.18,cash,,SAR
2025-08-04,1652.12,Maintenance,EXP-20250804-00626,AC Masters,3SC-MAL,OVERHEAD,247.82,1899.94,card,,SAR
2025-08-04,1844.53,Utilities,EXP-20250804-00627,WaterWorks,3SC-MAL,OVERHEAD,276.68,2121.21,card,,SAR
2025-08-04,3790.72,Utilities,EXP-20250804-00628,WaterWorks,3SC-MAL,OVERHEAD,568.61,4359.33,cash,,SAR
2025-08-04,3336.02,Utilities,EXP-20250804-00629,Saudi Electricity Co,3SC-MAL,OVERHEAD,500.4,3836.42,card,,SAR
2025-08-04,266.12,Cleaning,EXP-20250804-00630,SparkleCare,3SC-MAL,OVERHEAD,39.92,306.04,bank_transfer,,SAR
2025-08-11,1336.93,Packaging,EXP-20250811-00631,EcoWrap,3SC-DTN,COGS,200.54,1537.47,cash,,SAR
2025-08-11,1676.73,Marketing,EXP-20250811-00632,SocialBoost,3SC-DTN,OVERHEAD,251.51,1928.24,bank_transfer,,SAR
2025-08-11,440.1,Marketing,EXP-20250811-00633,AdSpark,3SC-DTN,OVERHEAD,66.02,506.12,bank_transfer,,SAR
2025-08-11,3187.28,Utilities,EXP-20250811-00634,TelecomNet,3SC-DTN,OVERHEAD,478.09,3665.37,bank_transfer,,SAR
2025-08-11,1317.01,Maintenance,EXP-20250811-00635,AC Masters,3SC-DTN,OVERHEAD,197.55,1514.56,card,,SAR
2025-08-11,4000.19,Milk & Dairy,EXP-20250811-00636,DairyFresh,3SC-MAL,COGS,600.03,4600.22,card,,SAR
2025-08-11,741.58,Marketing,EXP-20250811-00637,Billboard Media,3SC-MAL,OVERHEAD,111.24,852.82,bank_transfer,,SAR
2025-08-11,1637.91,Milk & Dairy,EXP-20250811-00638,MilkMart,3SC-MAL,COGS,245.69,1883.6,cash,,SAR
2025-08-11,1422.1,Packaging,EXP-20250811-00639,EcoWrap,3SC-MAL,COGS,213.31,1635.41,bank_transfer,,SAR
2025-08-18,1111.5,Marketing,EXP-20250818-00640,SocialBoost,3SC-DTN,OVERHEAD,166.72,1278.22,bank_transfer,,SAR
2025-08-18,2336.74,Milk & Dairy,EXP-20250818-00641,DairyFresh,3SC-DTN,COGS,350.51,2687.25,bank_transfer,,SAR
2025-08-18,299.64,Cleaning,EXP-20250818-00642,SparkleCare,3SC-MAL,OVERHEAD,44.95,344.59,cash,,SAR
2025-08-18,1331.85,Maintenance,EXP-20250818-00643,AC Masters,3SC-MAL,OVERHEAD,199.78,1531.63,card,,SAR
2025-08-18,3467.55,Milk & Dairy,EXP-20250818-00644,DairyFresh,3SC-MAL,COGS,520.13,3987.68,card,,SAR
2025-08-25,7388.59,Coffee Beans,EXP-20250825-00645,RoasterOne,3SC-DTN,COGS,1108.29,8496.88,card,,SAR
2025-08-25,781.21,Maintenance,EXP-20250825-00646,FixIt Services,3SC-DTN,OVERHEAD,117.18,898.39,card,,SAR
2025-08-25,3148.7,Coffee Beans,EXP-20250825-00647,RoasterOne,3SC-MAL,COGS,472.3,3621.0,cash,,SAR
2025-08-25,5496.67,Coffee Beans,EXP-20250825-00648,Arabica Traders,3SC-MAL,COGS,824.5,6321.17,card,,SAR
2025-08-25,705.49,Cleaning,EXP-20250825-00649,CleanPro,3SC-MAL,OVERHEAD,105.82,811.31,bank_transfer,,SAR
2025-08-25,1164.57,Milk & Dairy,EXP-20250825-00650,DairyFresh,3SC-MAL,COGS,174.69,1339.26,bank_transfer,,SAR
2025-08-25,5317.22,Coffee Beans,EXP-20250825-00651,Arabica Traders,3SC-MAL,COGS,797.58,6114.8,bank_transfer,,SAR
2025-09-01,1250.06,Utilities,EXP-20250901-00652,TelecomNet,3SC-DTN,OVERHEAD,187.51,1437.57,cash,,SAR
2025-09-01,1386.57,Maintenance,EXP-20250901-00653,ElectroWorks,3SC-DTN,OVERHEAD,207.99,1594.56,card,,SAR
2025-09-01,2215.79,Utilities,EXP-20250901-00654,Saudi Electricity Co,3SC-DTN,OVERHEAD,332.37,2548.16,card,,SAR
2025-09-01,827.5,Cleaning,EXP-20250901-00655,CleanPro,3SC-DTN,OVERHEAD,124.12,951.62,bank_transfer,,SAR
2025-09-01,643.4,Packaging,EXP-20250901-00656,EcoWrap,3SC-MAL,COGS,96.51,739.91,bank_transfer,,SAR
2025-09-01,968.67,Cleaning,EXP-20250901-00657,SparkleCare,3SC-MAL,OVERHEAD,145.3,1113.97,bank_transfer,,SAR
2025-09-08,4051.98,Coffee Beans,EXP-20250908-00658,BeanSupply,3SC-DTN,COGS,607.8,4659.78,card,,SAR
2025-09-08,1684.81,Milk & Dairy,EXP-20250908-00659,DairyFresh,3SC-DTN,COGS,252.72,1937.53,card,,SAR
2025-09-08,1899.77,Pastry Supplies,EXP-20250908-00660,BakeSupply,3SC-MAL,COGS,284.97,2184.74,bank_transfer,,SAR
2025-09-08,2304.44,Marketing,EXP-20250908-00661,AdSpark,3SC-MAL,OVERHEAD,345.67,2650.11,bank_transfer,,SAR
2025-09-08,923.75,Cleaning,EXP-20250908-00662,CleanPro,3SC-MAL,OVERHEAD,138.56,1062.31,card,,SAR
2025-09-08,2967.03,Utilities,EXP-20250908-00663,WaterWorks,3SC-MAL,OVERHEAD,445.05,3412.08,bank_transfer,,SAR
2025-09-08,2617.09,Milk & Dairy,EXP-20250908-00664,DairyFresh,3SC-MAL,COGS,392.56,3009.65,card,,SAR
2025-09-15,2113.78,Milk & Dairy,EXP-20250915-00665,DairyFresh,3SC-DTN,COGS,317.07,2430.85,cash,,SAR
2025-09-15,2458.28,Utilities,EXP-20250915-00666,Saudi Electricity Co,3SC-DTN,OVERHEAD,368.74,2827.02,bank_transfer,,SAR
2025-09-15,498.26,Cleaning,EXP-20250915-00667,CleanPro,3SC-DTN,OVERHEAD,74.74,573.0,cash,,SAR
2025-09-15,755.84,Packaging,EXP-20250915-00668,EcoWrap,3SC-DTN,COGS,113.38,869.22,cash,,SAR
2025-09-15,852.74,Cleaning,EXP-20250915-00669,CleanPro,3SC-DTN,OVERHEAD,127.91,980.65,cash,,SAR
2025-09-15,1532.42,Pastry Supplies,EXP-20250915-00670,BakeSupply,3SC-MAL,COGS,229.86,1762.28,bank_transfer,,SAR
2025-09-15,864.85,Pastry Supplies,EXP-20250915-00671,BakeSupply,3SC-MAL,COGS,129.73,994.58,card,,SAR
2025-09-15,1151.95,Pastry Supplies,EXP-20250915-00672,Flour & Co,3SC-MAL,COGS,172.79,1324.74,cash,,SAR
2025-09-15,631.33,Cleaning,EXP-20250915-00673,CleanPro,3SC-MAL,OVERHEAD,94.7,726.03,bank_transfer,,SAR
2025-09-15,900.25,Cleaning,EXP-20250915-00674,SparkleCare,3SC-MAL,OVERHEAD,135.04,1035.29,card,,SAR
2025-09-22,804.79,Maintenance,EXP-20250922-00675,AC Masters,3SC-DTN,OVERHEAD,120.72,925.51,bank_transfer,,SAR
2025-09-22,1159.75,Cleaning,EXP-20250922-00676,SparkleCare,3SC-DTN,OVERHEAD,173.96,1333.71,cash,,SAR
2025-09-22,1420.45,Packaging,EXP-20250922-00677,EcoWrap,3SC-DTN,COGS,213.07,1633.52,cash,,SAR
2025-09-22,1071.51,Maintenance,EXP-20250922-00678,FixIt Services,3SC-DTN,OVERHEAD,160.73,1232.24,cash,,SAR
2025-09-22,6684.51,Coffee Beans,EXP-20250922-00679,RoasterOne,3SC-MAL,COGS,1002.68,7687.19,card,,SAR
2025-09-22,2325.22,Pastry Supplies,EXP-20250922-00680,BakeSupply,3SC-MAL,COGS,348.78,2674.0,cash,,SAR
2025-09-22,4505.79,Coffee Beans,EXP-20250922-00681,BeanSupply,3SC-MAL,COGS,675.87,5181.66,bank_transfer,,SAR
2025-09-22,4984.66,Coffee Beans,EXP-20250922-00682,Arabica Traders,3SC-MAL,COGS,747.7,5732.36,cash,,SAR
2025-09-29,1344.04,Milk & Dairy,EXP-20250929-00683,MilkMart,3SC-DTN,COGS,201.61,1545.65,card,,SAR
2025-09-29,812.42,Cleaning,EXP-20250929-00684,CleanPro,3SC-DTN,OVERHEAD,121.86,934.28,cash,,SAR
2025-09-29,746.49,Marketing,EXP-20250929-00685,AdSpark,3SC-DTN,OVERHEAD,111.97,858.46,card,,SAR
2025-09-29,1653.51,Marketing,EXP-20250929-00686,Billboard Media,3SC-DTN,OVERHEAD,248.03,1901.54,card,,SAR
2025-09-29,719.61,Packaging,EXP-20250929-00687,PackRight,3SC-MAL,COGS,107.94,827.55,bank_transfer,,SAR
2025-09-29,7011.79,Coffee Beans,EXP-20250929-00688,Arabica Traders,3SC-MAL,COGS,1051.77,8063.56,cash,,SAR
2025-10-06,1272.23,Packaging,EXP-20251006-00689,PackRight,3SC-DTN,COGS,190.83,1463.06,cash,,SAR
2025-10-06,941.69,Packaging,EXP-20251006-00690,PackRight,3SC-DTN,COGS,141.25,1082.94,card,,SAR
2025-10-06,447.16,Marketing,EXP-20251006-00691,Billboard Media,3SC-DTN,OVERHEAD,67.07,514.23,cash,,SAR
2025-10-06,1280.86,Marketing,EXP-20251006-00692,AdSpark,3SC-DTN,OVERHEAD,192.13,1472.99,bank_transfer,,SAR
2025-10-06,7030.32,Coffee Beans,EXP-20251006-00693,BeanSupply,3SC-DTN,COGS,1054.55,8084.87,card,,SAR
2025-10-06,2306.04,Utilities,EXP-20251006-00694,TelecomNet,3SC-MAL,OVERHEAD,345.91,2651.95,card,,SAR
2025-10-06,2240.58,Milk & Dairy,EXP-20251006-00695,MilkMart,3SC-MAL,COGS,336.09,2576.67,cash,,SAR
2025-10-06,225.56,Cleaning,EXP-20251006-00696,SparkleCare,3SC-MAL,OVERHEAD,33.83,259.39,cash,,SAR
2025-10-06,2392.57,Milk & Dairy,EXP-20251006-00697,DairyFresh,3SC-MAL,COGS,358.89,2751.46,card,,SAR
2025-10-13,997.85,Milk & Dairy,EXP-20251013-00698,DairyFresh,3SC-DTN,COGS,149.68,1147.53,card,,SAR
2025-10-13,1563.33,Maintenance,EXP-20251013-00699,AC Masters,3SC-DTN,OVERHEAD,234.5,1797.83,card,,SAR
2025-10-13,2732.56,Coffee Beans,EXP-20251013-00700,BeanSupply,3SC-DTN,COGS,409.88,3142.44,card,,SAR
2025-10-13,1701.11,Utilities,EXP-20251013-00701,Saudi Electricity Co,3SC-DTN,OVERHEAD,255.17,1956.28,card,,SAR
2025-10-13,4476.2,Coffee Beans,EXP-20251013-00702,BeanSupply,3SC-MAL,COGS,671.43,5147.63,bank_transfer,,SAR
2025-10-13,3372.41,Milk & Dairy,EXP-20251013-00703,DairyFresh,3SC-MAL,COGS,505.86,3878.27,card,,SAR
2025-10-13,1800.05,Coffee Beans,EXP-20251013-00704,BeanSupply,3SC-MAL,COGS,270.01,2070.06,card,,SAR
2025-10-20,1475.89,Marketing,EXP-20251020-00705,Billboard Media,3SC-DTN,OVERHEAD,221.38,1697.27,card,,SAR
2025-10-20,743.0,Packaging,EXP-20251020-00706,EcoWrap,3SC-DTN,COGS,111.45,854.45,card,,SAR
2025-10-20,1548.73,Utilities,EXP-20251020-00707,Saudi Electricity Co,3SC-DTN,OVERHEAD,232.31,1781.04,cash,,SAR
2025-10-20,1605.1,Pastry Supplies,EXP-20251020-00708,Flour & Co,3SC-DTN,COGS,240.76,1845.86,bank_transfer,,SAR
2025-10-20,3520.98,Utilities,EXP-20251020-00709,WaterWorks,3SC-MAL,OVERHEAD,528.15,4049.13,card,,SAR
2025-10-20,2274.16,Milk & Dairy,EXP-20251020-00710,MilkMart,3SC-MAL,COGS,341.12,2615.28,cash,,SAR
2025-10-27,2463.03,Maintenance,EXP-20251027-00711,FixIt Services,3SC-DTN,OVERHEAD,369.45,2832.48,cash,,SAR
2025-10-27,1982.8,Marketing,EXP-20251027-00712,Billboard Media,3SC-DTN,OVERHEAD,297.42,2280.22,cash,,SAR
2025-10-27,1124.05,Maintenance,EXP-20251027-00713,ElectroWorks,3SC-DTN,OVERHEAD,168.61,1292.66,bank_transfer,,SAR
2025-10-27,3199.71,Utilities,EXP-20251027-00714,Saudi Electricity Co,3SC-DTN,OVERHEAD,479.96,3679.67,cash,,SAR
2025-10-27,1132.8,Cleaning,EXP-20251027-00715,SparkleCare,3SC-DTN,OVERHEAD,169.92,1302.72,cash,,SAR
2025-10-27,1154.71,Cleaning,EXP-20251027-00716,CleanPro,3SC-MAL,OVERHEAD,173.21,1327.92,card,,SAR
2025-10-27,3049.18,Utilities,EXP-20251027-00717,WaterWorks,3SC-MAL,OVERHEAD,457.38,3506.56,cash,,SAR
2025-10-27,2475.06,Marketing,EXP-20251027-00718,Billboard Media,3SC-MAL,OVERHEAD,371.26,2846.32,bank_transfer,,SAR
2025-10-27,3169.19,Maintenance,EXP-20251027-00719,AC Masters,3SC-MAL,OVERHEAD,475.38,3644.57,bank_transfer,,SAR
2025-10-27,1903.9,Utilities,EXP-20251027-00720,TelecomNet,3SC-MAL,OVERHEAD,285.58,2189.48,bank_transfer,,SAR
2025-11-03,1843.03,Coffee Beans,EXP-20251103-00721,BeanSupply,3SC-DTN,COGS,276.45,2119.48,bank_transfer,,SAR
2025-11-03,3093.13,Coffee Beans,EXP-20251103-00722,Arabica Traders,3SC-DTN,COGS,463.97,3557.1,cash,,SAR
2025-11-03,3923.26,Coffee Beans,EXP-20251103-00723,Arabica Traders,3SC-DTN,COGS,588.49,4511.75,card,,SAR
2025-11-03,2003.87,Utilities,EXP-20251103-00724,TelecomNet,3SC-MAL,OVERHEAD,300.58,2304.45,cash,,SAR
2025-11-03,1809.05,Maintenance,EXP-20251103-00725,ElectroWorks,3SC-MAL,OVERHEAD,271.36,2080.41,card,,SAR
2025-11-03,1648.23,Milk & Dairy,EXP-20251103-00726,MilkMart,3SC-MAL,COGS,247.23,1895.46,bank_transfer,,SAR
2025-11-03,2536.46,Maintenance,EXP-20251103-00727,FixIt Services,3SC-MAL,OVERHEAD,380.47,2916.93,card,,SAR
2025-11-10,2409.64,Maintenance,EXP-20251110-00728,FixIt Services,3SC-DTN,OVERHEAD,361.45,2771.09,bank_transfer,,SAR
2025-11-10,2621.38,Coffee Beans,EXP-20251110-00729,Arabica Traders,3SC-DTN,COGS,393.21,3014.59,cash,,SAR
2025-11-10,1806.16,Utilities,EXP-20251110-00730,WaterWorks,3SC-DTN,OVERHEAD,270.92,2077.08,card,,SAR
2025-11-10,697.94,Pastry Supplies,EXP-20251110-00731,BakeSupply,3SC-MAL,COGS,104.69,802.63,card,,SAR
2025-11-10,6463.96,Coffee Beans,EXP-20251110-00732,Arabica Traders,3SC-MAL,COGS,969.59,7433.55,card,,SAR
2025-11-17,1307.11,Utilities,EXP-20251117-00733,WaterWorks,3SC-DTN,OVERHEAD,196.07,1503.18,cash,,SAR
2025-11-17,1521.62,Maintenance,EXP-20251117-00734,ElectroWorks,3SC-DTN,OVERHEAD,228.24,1749.86,cash,,SAR
2025-11-17,3586.56,Utilities,EXP-20251117-00735,Saudi Electricity Co,3SC-DTN,OVERHEAD,537.98,4124.54,cash,,SAR
2025-11-17,3297.2,Utilities,EXP-20251117-00736,TelecomNet,3SC-MAL,OVERHEAD,494.58,3791.78,card,,SAR
2025-11-17,5893.89,Coffee Beans,EXP-20251117-00737,BeanSupply,3SC-MAL,COGS,884.08,6777.97,card,,SAR
2025-11-17,2391.36,Utilities,EXP-20251117-00738,TelecomNet,3SC-MAL,OVERHEAD,358.7,2750.06,cash,,SAR
2025-11-17,1204.62,Marketing,EXP-20251117-00739,AdSpark,3SC-MAL,OVERHEAD,180.69,1385.31,cash,,SAR
2025-11-24,1686.49,Pastry Supplies,EXP-20251124-00740,Flour & Co,3SC-DTN,COGS,252.97,1939.46,cash,,SAR
2025-11-24,2796.9,Milk & Dairy,EXP-20251124-00741,DairyFresh,3SC-DTN,COGS,419.54,3216.44,card,,SAR
2025-11-24,1946.2,Maintenance,EXP-20251124-00742,ElectroWorks,3SC-DTN,OVERHEAD,291.93,2238.13,cash,,SAR
2025-11-24,2289.57,Marketing,EXP-20251124-00743,SocialBoost,3SC-DTN,OVERHEAD,343.44,2633.01,cash,,SAR
2025-11-24,3173.27,Coffee Beans,EXP-20251124-00744,BeanSupply,3SC-MAL,COGS,475.99,3649.26,card,,SAR
2025-11-24,1075.48,Cleaning,EXP-20251124-00745,CleanPro,3SC-MAL,OVERHEAD,161.32,1236.8,bank_transfer,,SAR
2025-11-24,955.64,Cleaning,EXP-20251124-00746,SparkleCare,3SC-MAL,OVERHEAD,143.35,1098.99,cash,,SAR
2025-12-01,2223.32,Milk & Dairy,EXP-20251201-00747,MilkMart,3SC-DTN,COGS,333.5,2556.82,bank_transfer,,SAR
2025-12-01,481.52,Marketing,EXP-20251201-00748,SocialBoost,3SC-DTN,OVERHEAD,72.23,553.75,card,,SAR
2025-12-01,406.87,Cleaning,EXP-20251201-00749,CleanPro,3SC-DTN,OVERHEAD,61.03,467.9,card,,SAR
2025-12-01,7110.28,Coffee Beans,EXP-20251201-00750,RoasterOne,3SC-DTN,COGS,1066.54,8176.82,cash,,SAR
2025-12-01,832.96,Cleaning,EXP-20251201-00751,SparkleCare,3SC-MAL,OVERHEAD,124.94,957.9,card,,SAR
2025-12-01,2121.6,Pastry Supplies,EXP-20251201-00752,Flour & Co,3SC-MAL,COGS,318.24,2439.84,cash,,SAR
2025-12-01,753.02,Maintenance,EXP-20251201-00753,ElectroWorks,3SC-MAL,OVERHEAD,112.95,865.97,card,,SAR
2025-12-01,1800.11,Pastry Supplies,EXP-20251201-00754,BakeSupply,3SC-MAL,COGS,270.02,2070.13,card,,SAR
2025-12-01,306.47,Marketing,EXP-20251201-00755,Billboard Media,3SC-MAL,OVERHEAD,45.97,352.44,card,,SAR
2025-12-08,3086.03,Utilities,EXP-20251208-00756,TelecomNet,3SC-DTN,OVERHEAD,462.9,3548.93,cash,,SAR
2025-12-08,357.33,Cleaning,EXP-20251208-00757,SparkleCare,3SC-DTN,OVERHEAD,53.6,410.93,bank_transfer,,SAR
2025-12-08,2596.13,Pastry Supplies,EXP-20251208-00758,BakeSupply,3SC-DTN,COGS,389.42,2985.55,cash,,SAR
2025-12-08,601.69,Cleaning,EXP-20251208-00759,CleanPro,3SC-MAL,OVERHEAD,90.25,691.94,cash,,SAR
2025-12-08,1410.7,Packaging,EXP-20251208-00760,EcoWrap,3SC-MAL,COGS,211.6,1622.3,cash,,SAR
2025-12-15,1899.69,Pastry Supplies,EXP-20251215-00761,Flour & Co,3SC-DTN,COGS,284.95,2184.64,card,,SAR
2025-12-15,6272.41,Coffee Beans,EXP-20251215-00762,BeanSupply,3SC-DTN,COGS,940.86,7213.27,card,,SAR
2025-12-15,634.99,Pastry Supplies,EXP-20251215-00763,Flour & Co,3SC-DTN,COGS,95.25,730.24,card,,SAR
2025-12-15,3592.16,Coffee Beans,EXP-20251215-00764,RoasterOne,3SC-MAL,COGS,538.82,4130.98,cash,,SAR
2025-12-15,1048.77,Milk & Dairy,EXP-20251215-00765,DairyFresh,3SC-MAL,COGS,157.32,1206.09,card,,SAR
2025-12-22,3533.78,Milk & Dairy,EXP-20251222-00766,MilkMart,3SC-DTN,COGS,530.07,4063.85,bank_transfer,,SAR
2025-12-22,1319.27,Milk & Dairy,EXP-20251222-00767,DairyFresh,3SC-DTN,COGS,197.89,1517.16,bank_transfer,,SAR
2025-12-22,1503.84,Marketing,EXP-20251222-00768,Billboard Media,3SC-DTN,OVERHEAD,225.58,1729.42,cash,,SAR
2025-12-22,2816.26,Milk & Dairy,EXP-20251222-00769,MilkMart,3SC-DTN,COGS,422.44,3238.7,card,,SAR
2025-12-22,439.13,Marketing,EXP-20251222-00770,Billboard Media,3SC-DTN,OVERHEAD,65.87,505.0,card,,SAR
2025-12-22,1758.74,Marketing,EXP-20251222-00771,AdSpark,3SC-MAL,OVERHEAD,263.81,2022.55,bank_transfer,,SAR
2025-12-22,7411.35,Coffee Beans,EXP-20251222-00772,BeanSupply,3SC-MAL,COGS,1111.7,8523.05,bank_transfer,,SAR
2025-12-22,517.49,Cleaning,EXP-20251222-00773,CleanPro,3SC-MAL,OVERHEAD,77.62,595.11,cash,,SAR
2025-12-22,2374.66,Coffee Beans,EXP-20251222-00774,Arabica Traders,3SC-MAL,COGS,356.2,2730.86,card,,SAR
2025-12-29,2158.67,Utilities,EXP-20251229-00775,WaterWorks,3SC-DTN,OVERHEAD,323.8,2482.47,bank_transfer,,SAR
2025-12-29,6156.26,Coffee Beans,EXP-20251229-00776,BeanSupply,3SC-DTN,COGS,923.44,7079.7,cash,,SAR
2025-12-29,795.84,Marketing,EXP-20251229-00777,AdSpark,3SC-MAL,OVERHEAD,119.38,915.22,bank_transfer,,SAR
2025-12-29,2535.49,Milk & Dairy,EXP-20251229-00778,MilkMart,3SC-MAL,COGS,380.32,2915.81,bank_transfer,,SAR
2025-12-29,2299.42,Marketing,EXP-20251229-00779,Billboard Media,3SC-MAL,OVERHEAD,344.91,2644.33,bank_transfer,,SAR
